{
	"current_page": 1,
	"total_pages": 904,
	"total_items": 18080,
	"photos": [{
		"user": {
			"cover_url": "https://drscdn.500px.org/user_cover/67153/q%3D65_m%3D2048/v2?webp=true&v=2&sig=ea2792b9362fc58cd954d867b15b10396e2f772e608a4caf5fdf6a2dac7d521f",
			"firstname": "Vivienne",
			"userpic_url": "https://drscdn.500px.org/user_avatar/67153/q%3D85_w%3D300_h%3D300/v2?webp=true&v=127&sig=2254e62dffcd8af8ae3a2aeda3e9539d075ff2f0364781d3d13a47e99a3bea37",
			"following": false,
			"lastname": "Gucwa",
			"id": 67153,
			"userpic_https_url": "https://drscdn.500px.org/user_avatar/67153/q%3D85_w%3D300_h%3D300/v2?webp=true&v=127&sig=2254e62dffcd8af8ae3a2aeda3e9539d075ff2f0364781d3d13a47e99a3bea37",
			"city": "New York",
			"avatars": {
				"large": {
					"https": "https://drscdn.500px.org/user_avatar/67153/q%3D85_w%3D100_h%3D100/v2?webp=true&v=127&sig=885552034fb661e59f04c8d9af6413b45f08ed7c8adb54a8613d4e370d3d1e57"
				},
				"default": {
					"https": "https://drscdn.500px.org/user_avatar/67153/q%3D85_w%3D300_h%3D300/v2?webp=true&v=127&sig=2254e62dffcd8af8ae3a2aeda3e9539d075ff2f0364781d3d13a47e99a3bea37"
				},
				"tiny": {
					"https": "https://drscdn.500px.org/user_avatar/67153/q%3D85_w%3D30_h%3D30/v2?webp=true&v=127&sig=175a01f10579aecac992bca5665d4ff207d9b88bafecd36c550330e48e1ce453"
				},
				"small": {
					"https": "https://drscdn.500px.org/user_avatar/67153/q%3D85_w%3D50_h%3D50/v2?webp=true&v=127&sig=5813bbce3611efc51418dfdb16bcf63d891ad520e62aed14f7c3587a50f48078"
				}
			},
			"username": "nythroughthelens",
			"store_on": true,
			"affection": 68668,
			"country": "United States",
			"usertype": 0,
			"upgrade_status": 0,
			"fullname": "Vivienne Gucwa"
		},
		"editored_by": {},
		"licensing_status": 3,
		"aperture": "9",
		"voted": false,
		"highest_rating": 90.2,
		"description": "Central Park - Gapstow Bridge - Autumn. New York City. \n\nMy New York City photography blog: nythroughthelens.com",
		"rating": 49.5,
		"name": "Transience",
		"comments": [],
		"for_sale_date": null,
		"image_url": ["https://drscdn.500px.org/photo/124968315/w%3D280_h%3D280/v2?client_application_id=47433&user_id=18878495&webp=true&v=2&sig=1400517f950537315088bb32baa29258bf70ab3cbff7c9e56e1d552858b9fd45"],
		"shutter_speed": "1/60",
		"purchased": false,
		"privacy": false,
		"for_sale": true,
		"store_width": 6248,
		"comments_count": 0,
		"id": 124968315,
		"editors_choice_date": null,
		"critiques_callout_dismissed": false,
		"disliked": false,
		"crop_version": 2,
		"favorites_count": 60,
		"lens": "FE 16-35mm F4 ZA OSS",
		"store_height": 4167,
		"feature_date": "2015-10-13T05:06:25+00:00",
		"status": 1,
		"liked": false,
		"licensing_suggested": false,
		"votes_count": 358,
		"width": 6248,
		"category": 8,
		"url": "/photo/124968315/transience-by-vivienne-gucwa",
		"camera": "ILCE-7RM2",
		"highest_rating_date": "2015-10-13T21:38:04-04:00",
		"hi_res_uploaded": 0,
		"watermark": false,
		"times_viewed": 77177,
		"image_format": "jpeg",
		"converted_bits": 27,
		"iso": "125",
		"images": [{
			"https_url": "https://drscdn.500px.org/photo/124968315/w%3D280_h%3D280/v2?client_application_id=47433&user_id=18878495&webp=true&v=2&sig=1400517f950537315088bb32baa29258bf70ab3cbff7c9e56e1d552858b9fd45",
			"format": "jpeg",
			"url": "https://drscdn.500px.org/photo/124968315/w%3D280_h%3D280/v2?client_application_id=47433&user_id=18878495&webp=true&v=2&sig=1400517f950537315088bb32baa29258bf70ab3cbff7c9e56e1d552858b9fd45",
			"size": 3
		}],
		"feature": "popular",
		"exclude_gads": false,
		"nsfw": false,
		"taken_at": "2015-10-08T10:38:46-04:00",
		"location": null,
		"user_id": 67153,
		"height": 4167,
		"request_to_buy_enabled": true,
		"longitude": -73.9675140381,
		"license_type": 0,
		"converted": true,
		"license_requests_enabled": true,
		"latitude": 40.7815813029,
		"positive_votes_count": 358,
		"collections_count": 88,
		"created_at": "2015-10-12T21:38:00-04:00",
		"location_details": {
			"country": ["United States"],
			"state": ["New York"],
			"city": ["New York"],
			"attraction": [],
			"county": ["New York County"]
		},
		"sales_count": 0,
		"licensing_requested": false,
		"focal_length": "28",
		"for_critique": false,
		"editors_choice": false,
		"is_free_photo": false,
		"profile": true
	}, {
		"user": {
			"cover_url": "https://drscdn.500px.org/user_cover/2209871/q%3D65_m%3D2048/v2?webp=true&v=16&sig=a62783b85dea1180f19fe3a643e3b695736c98705e93c6112ef962c6e8628b37",
			"firstname": "",
			"userpic_url": "https://drscdn.500px.org/user_avatar/2209871/q%3D85_w%3D300_h%3D300/v2?webp=true&v=4&sig=df4c761c8074abc1e7b7a7e6186760d09658583eb7c33a4e60d4d4092bea456b",
			"following": false,
			"lastname": "",
			"id": 2209871,
			"userpic_https_url": "https://drscdn.500px.org/user_avatar/2209871/q%3D85_w%3D300_h%3D300/v2?webp=true&v=4&sig=df4c761c8074abc1e7b7a7e6186760d09658583eb7c33a4e60d4d4092bea456b",
			"city": "New York City ",
			"avatars": {
				"large": {
					"https": "https://drscdn.500px.org/user_avatar/2209871/q%3D85_w%3D100_h%3D100/v2?webp=true&v=4&sig=595ac75639928677fcae495af98f8c5af1ec5b85e2038a37eeb3423861d854d6"
				},
				"default": {
					"https": "https://drscdn.500px.org/user_avatar/2209871/q%3D85_w%3D300_h%3D300/v2?webp=true&v=4&sig=df4c761c8074abc1e7b7a7e6186760d09658583eb7c33a4e60d4d4092bea456b"
				},
				"tiny": {
					"https": "https://drscdn.500px.org/user_avatar/2209871/q%3D85_w%3D30_h%3D30/v2?webp=true&v=4&sig=7fad6a006dea1e07fac875180fe9e2924fff370effbc64d1c0a650d78aeffe06"
				},
				"small": {
					"https": "https://drscdn.500px.org/user_avatar/2209871/q%3D85_w%3D50_h%3D50/v2?webp=true&v=4&sig=854e17f2dee6bdee983d7cc6bd15a58d592b60b16e1a4552be3ce8dde0cdf2cd"
				}
			},
			"username": "Jaxx715",
			"store_on": true,
			"affection": 894,
			"country": "U.S.A.",
			"usertype": 0,
			"upgrade_status": 0,
			"fullname": "Jaxx715"
		},
		"editored_by": {},
		"licensing_status": 3,
		"aperture": "10",
		"voted": false,
		"highest_rating": 90.2,
		"description": null,
		"rating": 46.8,
		"name": "Sunset",
		"comments": [],
		"for_sale_date": null,
		"image_url": ["https://drscdn.500px.org/photo/53760114/w%3D280_h%3D280/v2?client_application_id=47433&user_id=18878495&webp=true&v=0&sig=be7c402db3e6afc413ff1c026303193020c794bc65b6a12567e18e2913d5bb9a"],
		"shutter_speed": "1/1250",
		"purchased": false,
		"privacy": false,
		"for_sale": true,
		"store_width": 3416,
		"comments_count": 0,
		"id": 53760114,
		"editors_choice_date": null,
		"critiques_callout_dismissed": false,
		"disliked": false,
		"crop_version": 0,
		"favorites_count": 19,
		"lens": null,
		"store_height": 2196,
		"feature_date": "2013-12-01T23:05:13+00:00",
		"status": 1,
		"liked": false,
		"licensing_suggested": false,
		"votes_count": 40,
		"width": 3416,
		"category": 8,
		"url": "/photo/53760114/sunset-by-jaxx715",
		"camera": "Canon EOS 20D",
		"highest_rating_date": "2013-12-02T14:11:14-05:00",
		"hi_res_uploaded": 2,
		"watermark": false,
		"times_viewed": 2474,
		"image_format": "jpeg",
		"converted_bits": 31,
		"iso": "400",
		"images": [{
			"https_url": "https://drscdn.500px.org/photo/53760114/w%3D280_h%3D280/v2?client_application_id=47433&user_id=18878495&webp=true&v=0&sig=be7c402db3e6afc413ff1c026303193020c794bc65b6a12567e18e2913d5bb9a",
			"format": "jpeg",
			"url": "https://drscdn.500px.org/photo/53760114/w%3D280_h%3D280/v2?client_application_id=47433&user_id=18878495&webp=true&v=0&sig=be7c402db3e6afc413ff1c026303193020c794bc65b6a12567e18e2913d5bb9a",
			"size": 3
		}],
		"feature": "popular",
		"exclude_gads": false,
		"nsfw": false,
		"taken_at": "2013-11-29T11:38:01-05:00",
		"location": null,
		"user_id": 2209871,
		"height": 2196,
		"request_to_buy_enabled": true,
		"longitude": -73.7043571472,
		"license_type": 0,
		"converted": true,
		"license_requests_enabled": true,
		"latitude": 40.5850172811,
		"positive_votes_count": 40,
		"collections_count": -3,
		"created_at": "2013-12-01T17:42:30-05:00",
		"location_details": {
			"country": ["United States of America"],
			"state": ["New York"],
			"city": ["East Atlantic Beach"],
			"attraction": [],
			"county": ["Nassau"]
		},
		"sales_count": 0,
		"licensing_requested": false,
		"focal_length": "70",
		"for_critique": false,
		"editors_choice": false,
		"is_free_photo": false,
		"profile": true
	}, {
		"user": {
			"cover_url": "https://drscdn.500px.org/user_cover/112403/q%3D65_m%3D2048/v2?webp=true&v=9&sig=e61e725ce48363e353b48b8032d8c4eededdebbc691f78f8db100aaebeef2afd",
			"firstname": "Remi",
			"userpic_url": "https://drscdn.500px.org/user_avatar/112403/q%3D85_w%3D300_h%3D300/v2?webp=true&v=4&sig=88c128709a82455ac901cc0f0ac3ae06328609c8cb7c2079b5a7adb1d621637d",
			"following": false,
			"lastname": "Boucher",
			"id": 112403,
			"userpic_https_url": "https://drscdn.500px.org/user_avatar/112403/q%3D85_w%3D300_h%3D300/v2?webp=true&v=4&sig=88c128709a82455ac901cc0f0ac3ae06328609c8cb7c2079b5a7adb1d621637d",
			"city": "Cookshire",
			"avatars": {
				"large": {
					"https": "https://drscdn.500px.org/user_avatar/112403/q%3D85_w%3D100_h%3D100/v2?webp=true&v=4&sig=5bda965d4fc6bc0bb2a5938da2d35de678ebd33eaa1370bc17f56da2ea11c803"
				},
				"default": {
					"https": "https://drscdn.500px.org/user_avatar/112403/q%3D85_w%3D300_h%3D300/v2?webp=true&v=4&sig=88c128709a82455ac901cc0f0ac3ae06328609c8cb7c2079b5a7adb1d621637d"
				},
				"tiny": {
					"https": "https://drscdn.500px.org/user_avatar/112403/q%3D85_w%3D30_h%3D30/v2?webp=true&v=4&sig=a23aedd2b7bc6238c411eb35c7b3a0998037d8626b7ad26a7aa5e8f32fd7cda3"
				},
				"small": {
					"https": "https://drscdn.500px.org/user_avatar/112403/q%3D85_w%3D50_h%3D50/v2?webp=true&v=4&sig=ca22574966f2dea6bc87220ac9044f835e27b542946b034e708c308c923acb65"
				}
			},
			"username": "RemiBoucher",
			"store_on": true,
			"affection": 6461,
			"country": "Canada",
			"usertype": 0,
			"upgrade_status": 2,
			"fullname": "Remi Boucher"
		},
		"editored_by": {},
		"licensing_status": 3,
		"aperture": "11",
		"voted": false,
		"highest_rating": 89.5,
		"description": "Manhattan Bridge from Brooklyn's shore at night. Less popular than its close neighbour the Brooklyn Bridge, it did offer a better look at night and a better point of view from this little rocky bay on East River.",
		"rating": 48.8,
		"name": "Manhattan Bridge",
		"comments": [],
		"for_sale_date": null,
		"image_url": ["https://drscdn.500px.org/photo/91132347/w%3D280_h%3D280/v2?client_application_id=47433&user_id=18878495&webp=true&v=5&sig=17431f58c8dc3870f49bafbde8866b94db4d34256c6b729ea7a6c981e1355cbe"],
		"shutter_speed": "30",
		"purchased": false,
		"privacy": false,
		"for_sale": true,
		"store_width": 2048,
		"comments_count": 3,
		"id": 91132347,
		"editors_choice_date": null,
		"critiques_callout_dismissed": false,
		"disliked": false,
		"crop_version": 5,
		"favorites_count": 21,
		"lens": "Nikon 18-35mm",
		"store_height": 1367,
		"feature_date": "2014-11-28T19:19:40+00:00",
		"status": 1,
		"liked": false,
		"licensing_suggested": false,
		"votes_count": 118,
		"width": 2048,
		"category": 8,
		"url": "/photo/91132347/manhattan-bridge-by-remi-boucher",
		"camera": "NIKON D800",
		"highest_rating_date": "2014-11-29T05:55:50-05:00",
		"hi_res_uploaded": 0,
		"watermark": false,
		"times_viewed": 37317,
		"image_format": "jpeg",
		"converted_bits": 27,
		"iso": "400",
		"images": [{
			"https_url": "https://drscdn.500px.org/photo/91132347/w%3D280_h%3D280/v2?client_application_id=47433&user_id=18878495&webp=true&v=5&sig=17431f58c8dc3870f49bafbde8866b94db4d34256c6b729ea7a6c981e1355cbe",
			"format": "jpeg",
			"url": "https://drscdn.500px.org/photo/91132347/w%3D280_h%3D280/v2?client_application_id=47433&user_id=18878495&webp=true&v=5&sig=17431f58c8dc3870f49bafbde8866b94db4d34256c6b729ea7a6c981e1355cbe",
			"size": 3
		}],
		"feature": "popular",
		"exclude_gads": false,
		"nsfw": false,
		"taken_at": "2014-11-20T22:32:11-05:00",
		"location": null,
		"user_id": 112403,
		"height": 1367,
		"request_to_buy_enabled": false,
		"longitude": -73.9918470383,
		"license_type": 0,
		"converted": true,
		"license_requests_enabled": false,
		"latitude": 40.7040988768,
		"positive_votes_count": 118,
		"collections_count": 14,
		"created_at": "2014-11-28T13:49:00-05:00",
		"location_details": {
			"country": ["United States of America"],
			"state": ["New York"],
			"city": ["New York City"],
			"attraction": [],
			"county": ["Kings"]
		},
		"sales_count": 0,
		"licensing_requested": false,
		"focal_length": "18",
		"for_critique": false,
		"editors_choice": false,
		"is_free_photo": false,
		"profile": true
	}, {
		"user": {
			"cover_url": "https://drscdn.500px.org/user_cover/5148426/q%3D65_m%3D2048/v2?webp=true&v=2&sig=878c817b904feb5465ca8600e5700d4403989030971de6f47975a439837f9542",
			"firstname": "Boris",
			"userpic_url": "https://drscdn.500px.org/user_avatar/5148426/q%3D85_w%3D300_h%3D300/v2?webp=true&v=2&sig=4dbb820b78923086b8ed138d09847c22e8b0959826fb1594007b64e3d87f7610",
			"following": false,
			"lastname": "Gorelik",
			"id": 5148426,
			"userpic_https_url": "https://drscdn.500px.org/user_avatar/5148426/q%3D85_w%3D300_h%3D300/v2?webp=true&v=2&sig=4dbb820b78923086b8ed138d09847c22e8b0959826fb1594007b64e3d87f7610",
			"city": "Brooklyn",
			"avatars": {
				"large": {
					"https": "https://drscdn.500px.org/user_avatar/5148426/q%3D85_w%3D100_h%3D100/v2?webp=true&v=2&sig=1d2bb3e825d1f11a103e329982123c66cb3f39afd0f8fbef04da344203f9a7bf"
				},
				"default": {
					"https": "https://drscdn.500px.org/user_avatar/5148426/q%3D85_w%3D300_h%3D300/v2?webp=true&v=2&sig=4dbb820b78923086b8ed138d09847c22e8b0959826fb1594007b64e3d87f7610"
				},
				"tiny": {
					"https": "https://drscdn.500px.org/user_avatar/5148426/q%3D85_w%3D30_h%3D30/v2?webp=true&v=2&sig=746c11e31008d0ed5b0d05843351a668b7af8748f06f162a3ee059b488817594"
				},
				"small": {
					"https": "https://drscdn.500px.org/user_avatar/5148426/q%3D85_w%3D50_h%3D50/v2?webp=true&v=2&sig=c92a5d5dacab75eb01a9278da1fe20c6764e1a093065410c79b998a32d55ba74"
				}
			},
			"username": "BorisGorelik",
			"store_on": true,
			"affection": 2424,
			"country": "USA",
			"usertype": 0,
			"upgrade_status": 0,
			"fullname": "Boris Gorelik"
		},
		"editored_by": {},
		"licensing_status": 3,
		"aperture": "16",
		"voted": false,
		"highest_rating": 89.5,
		"description": "coney island sunset",
		"rating": 47.3,
		"name": "coney island sunset",
		"comments": [],
		"for_sale_date": null,
		"image_url": ["https://drscdn.500px.org/photo/85011249/w%3D280_h%3D280/v2?client_application_id=47433&user_id=18878495&webp=true&v=9&sig=6a73c1a8426d7e51dff6f085bc688b431b6691163fd4ae180f710dcf2d97a98b"],
		"shutter_speed": "1",
		"purchased": false,
		"privacy": false,
		"for_sale": true,
		"store_width": 5616,
		"comments_count": 3,
		"id": 85011249,
		"editors_choice_date": null,
		"critiques_callout_dismissed": false,
		"disliked": false,
		"crop_version": 9,
		"favorites_count": 12,
		"lens": null,
		"store_height": 3744,
		"feature_date": "2014-10-01T01:16:58+00:00",
		"status": 1,
		"liked": false,
		"licensing_suggested": false,
		"votes_count": 65,
		"width": 5616,
		"category": 8,
		"url": "/photo/85011249/coney-island-sunset-by-boris-gorelik",
		"camera": "Canon EOS 5D Mark II",
		"highest_rating_date": "2014-10-01T14:38:41-04:00",
		"hi_res_uploaded": 2,
		"watermark": false,
		"times_viewed": 1295,
		"image_format": "jpeg",
		"converted_bits": 31,
		"iso": "50",
		"images": [{
			"https_url": "https://drscdn.500px.org/photo/85011249/w%3D280_h%3D280/v2?client_application_id=47433&user_id=18878495&webp=true&v=9&sig=6a73c1a8426d7e51dff6f085bc688b431b6691163fd4ae180f710dcf2d97a98b",
			"format": "jpeg",
			"url": "https://drscdn.500px.org/photo/85011249/w%3D280_h%3D280/v2?client_application_id=47433&user_id=18878495&webp=true&v=9&sig=6a73c1a8426d7e51dff6f085bc688b431b6691163fd4ae180f710dcf2d97a98b",
			"size": 3
		}],
		"feature": "popular",
		"exclude_gads": false,
		"nsfw": false,
		"taken_at": "2013-12-28T16:46:10-05:00",
		"location": null,
		"user_id": 5148426,
		"height": 3744,
		"request_to_buy_enabled": false,
		"longitude": -73.9780282974,
		"license_type": 0,
		"converted": true,
		"license_requests_enabled": true,
		"latitude": 40.5725660961,
		"positive_votes_count": 65,
		"collections_count": 0,
		"created_at": "2014-09-30T18:48:40-04:00",
		"location_details": {
			"country": ["United States of America"],
			"state": ["New York"],
			"city": ["New York City"],
			"attraction": [],
			"county": ["Kings"]
		},
		"sales_count": 0,
		"licensing_requested": false,
		"focal_length": "33",
		"for_critique": false,
		"editors_choice": false,
		"is_free_photo": false,
		"profile": true
	}, {
		"user": {
			"cover_url": null,
			"firstname": "Jan",
			"userpic_url": "https://drscdn.500px.org/user_avatar/2329871/q%3D85_w%3D300_h%3D300/v2?webp=true&v=1&sig=480b598c95cf9045145ba6714c924613c4c84803a16c66f3bc478eccbf94969f",
			"following": false,
			"lastname": "Gorzynik",
			"id": 2329871,
			"userpic_https_url": "https://drscdn.500px.org/user_avatar/2329871/q%3D85_w%3D300_h%3D300/v2?webp=true&v=1&sig=480b598c95cf9045145ba6714c924613c4c84803a16c66f3bc478eccbf94969f",
			"city": "Metuchen",
			"avatars": {
				"large": {
					"https": "https://drscdn.500px.org/user_avatar/2329871/q%3D85_w%3D100_h%3D100/v2?webp=true&v=1&sig=b551e4bfa37181696b62df80d64fe16e2d1f7259176a762d744ed0c375822771"
				},
				"default": {
					"https": "https://drscdn.500px.org/user_avatar/2329871/q%3D85_w%3D300_h%3D300/v2?webp=true&v=1&sig=480b598c95cf9045145ba6714c924613c4c84803a16c66f3bc478eccbf94969f"
				},
				"tiny": {
					"https": "https://drscdn.500px.org/user_avatar/2329871/q%3D85_w%3D30_h%3D30/v2?webp=true&v=1&sig=acb5dab3507e9e8c413bfd6582c58d2c653143a86153b328bfb80cafc2994496"
				},
				"small": {
					"https": "https://drscdn.500px.org/user_avatar/2329871/q%3D85_w%3D50_h%3D50/v2?webp=true&v=1&sig=2573c8c98e97771390cbc277ecd508f2b90dd621a4bf9c2247dfbf3bd9b8e13d"
				}
			},
			"username": "jgorzynik",
			"store_on": true,
			"affection": 10921,
			"country": "United States",
			"usertype": 0,
			"upgrade_status": 0,
			"fullname": "Jan Gorzynik"
		},
		"editored_by": {},
		"licensing_status": 3,
		"aperture": "11",
		"voted": false,
		"highest_rating": 89.5,
		"description": "beautiful waterfall end steel bridge in forest, autumn landscape",
		"rating": 48.9,
		"name": "beautiful waterfall end steel bridge in forest, autumn landscape",
		"comments": [],
		"for_sale_date": null,
		"image_url": ["https://drscdn.500px.org/photo/80308745/w%3D280_h%3D280/v2?client_application_id=47433&user_id=18878495&webp=true&v=0&sig=8ee528ed4685dbe8b78edd2c9a94cf193364d363b3b09b709661e8dd72de0680"],
		"shutter_speed": "1/30",
		"purchased": false,
		"privacy": false,
		"for_sale": true,
		"store_width": 7360,
		"comments_count": 1,
		"id": 80308745,
		"editors_choice_date": null,
		"critiques_callout_dismissed": false,
		"disliked": false,
		"crop_version": 0,
		"favorites_count": 17,
		"lens": null,
		"store_height": 4912,
		"feature_date": "2014-08-20T05:17:47+00:00",
		"status": 1,
		"liked": false,
		"licensing_suggested": false,
		"votes_count": 133,
		"width": 7360,
		"category": 8,
		"url": "/photo/80308745/beautiful-waterfall-end-steel-bridge-in-forest-autumn-landscape-by-jan-gorzynik",
		"camera": "NIKON D800",
		"highest_rating_date": "2014-08-20T12:30:01-04:00",
		"hi_res_uploaded": 2,
		"watermark": false,
		"times_viewed": 44060,
		"image_format": "jpeg",
		"converted_bits": 31,
		"iso": "100",
		"images": [{
			"https_url": "https://drscdn.500px.org/photo/80308745/w%3D280_h%3D280/v2?client_application_id=47433&user_id=18878495&webp=true&v=0&sig=8ee528ed4685dbe8b78edd2c9a94cf193364d363b3b09b709661e8dd72de0680",
			"format": "jpeg",
			"url": "https://drscdn.500px.org/photo/80308745/w%3D280_h%3D280/v2?client_application_id=47433&user_id=18878495&webp=true&v=0&sig=8ee528ed4685dbe8b78edd2c9a94cf193364d363b3b09b709661e8dd72de0680",
			"size": 3
		}],
		"feature": "popular",
		"exclude_gads": false,
		"nsfw": false,
		"taken_at": "2014-08-17T16:56:50-04:00",
		"location": null,
		"user_id": 2329871,
		"height": 4912,
		"request_to_buy_enabled": false,
		"longitude": -74.180932045,
		"license_type": 0,
		"converted": true,
		"license_requests_enabled": false,
		"latitude": 40.916090797,
		"positive_votes_count": 133,
		"collections_count": 12,
		"created_at": "2014-08-19T22:37:03-04:00",
		"location_details": {
			"country": ["United States of America"],
			"state": ["New Jersey"],
			"city": ["Paterson"],
			"attraction": [],
			"county": ["Passaic"]
		},
		"sales_count": 0,
		"licensing_requested": false,
		"focal_length": "62",
		"for_critique": false,
		"editors_choice": false,
		"is_free_photo": false,
		"profile": true
	}, {
		"user": {
			"cover_url": "https://drscdn.500px.org/user_cover/819618/q%3D65_m%3D2048/v2?webp=true&v=1&sig=c023256a1f556070818bb9d22b6dac918295ffd1195c44a755fb8d7940b9cd3a",
			"firstname": "Saurav",
			"userpic_url": "https://drscdn.500px.org/user_avatar/819618/q%3D85_w%3D300_h%3D300/v2?webp=true&v=1&sig=31ef961cbdaf1be2ce9b1a55db584738c0e4d81751a98be63e2974f558cfbb41",
			"following": false,
			"lastname": "Pandey",
			"id": 819618,
			"userpic_https_url": "https://drscdn.500px.org/user_avatar/819618/q%3D85_w%3D300_h%3D300/v2?webp=true&v=1&sig=31ef961cbdaf1be2ce9b1a55db584738c0e4d81751a98be63e2974f558cfbb41",
			"city": "Brampton",
			"avatars": {
				"large": {
					"https": "https://drscdn.500px.org/user_avatar/819618/q%3D85_w%3D100_h%3D100/v2?webp=true&v=1&sig=1762b4ebb5313deb9d11cc7f4b1c4b1ae56241fdcf518cf27f03aa68d2148f18"
				},
				"default": {
					"https": "https://drscdn.500px.org/user_avatar/819618/q%3D85_w%3D300_h%3D300/v2?webp=true&v=1&sig=31ef961cbdaf1be2ce9b1a55db584738c0e4d81751a98be63e2974f558cfbb41"
				},
				"tiny": {
					"https": "https://drscdn.500px.org/user_avatar/819618/q%3D85_w%3D30_h%3D30/v2?webp=true&v=1&sig=afb2723ce84c4ccd299b69bc3d918a869938d58cfbbc82a2fb467e9dcea5ce4c"
				},
				"small": {
					"https": "https://drscdn.500px.org/user_avatar/819618/q%3D85_w%3D50_h%3D50/v2?webp=true&v=1&sig=8609e8163f9dc5282f29d9040b690e3ce8aef3c7f1f23357dc8625bbe41f75cd"
				}
			},
			"username": "hellosaurav",
			"store_on": true,
			"affection": 3734,
			"country": "Canada",
			"usertype": 0,
			"upgrade_status": 0,
			"fullname": "Saurav Pandey"
		},
		"editored_by": {},
		"licensing_status": 3,
		"aperture": "22",
		"voted": false,
		"highest_rating": 90.6,
		"description": "http://en.wikipedia.org/wiki/Brooklyn_Bridge     EXIF: 3.2s [+/- 2 stops] f/22, ISO100, 18mm\nPrints at http://fineartamerica.com/featured/sunset-over-brooklyn-bridge-saurav-pandey.html",
		"rating": 48.1,
		"name": "Sunset over brooklyn bridge",
		"comments": [],
		"for_sale_date": null,
		"image_url": ["https://drscdn.500px.org/photo/62597597/w%3D280_h%3D280/v2?client_application_id=47433&user_id=18878495&webp=true&v=0&sig=a65274df1e2009032bffd0f7b917992edd968e03032553b299ae356c5a1776f3"],
		"shutter_speed": "3",
		"purchased": false,
		"privacy": false,
		"for_sale": true,
		"store_width": 5182,
		"comments_count": 2,
		"id": 62597597,
		"editors_choice_date": null,
		"critiques_callout_dismissed": false,
		"disliked": false,
		"crop_version": 0,
		"favorites_count": 16,
		"lens": null,
		"store_height": 2915,
		"feature_date": "2014-03-02T15:04:19+00:00",
		"status": 1,
		"liked": false,
		"licensing_suggested": false,
		"votes_count": 70,
		"width": 5182,
		"category": 8,
		"url": "/photo/62597597/sunset-over-brooklyn-bridge-by-saurav-pandey",
		"camera": "Canon EOS 600D",
		"highest_rating_date": "2014-03-02T15:29:13-05:00",
		"hi_res_uploaded": 1,
		"watermark": false,
		"times_viewed": 12803,
		"image_format": "jpeg",
		"converted_bits": 31,
		"iso": "100",
		"images": [{
			"https_url": "https://drscdn.500px.org/photo/62597597/w%3D280_h%3D280/v2?client_application_id=47433&user_id=18878495&webp=true&v=0&sig=a65274df1e2009032bffd0f7b917992edd968e03032553b299ae356c5a1776f3",
			"format": "jpeg",
			"url": "https://drscdn.500px.org/photo/62597597/w%3D280_h%3D280/v2?client_application_id=47433&user_id=18878495&webp=true&v=0&sig=a65274df1e2009032bffd0f7b917992edd968e03032553b299ae356c5a1776f3",
			"size": 3
		}],
		"feature": "popular",
		"exclude_gads": false,
		"nsfw": false,
		"taken_at": "2014-03-01T17:42:34-05:00",
		"location": null,
		"user_id": 819618,
		"height": 2915,
		"request_to_buy_enabled": true,
		"longitude": -73.99083,
		"license_type": 0,
		"converted": true,
		"license_requests_enabled": false,
		"latitude": 40.704445,
		"positive_votes_count": 70,
		"collections_count": 273,
		"created_at": "2014-03-02T09:45:04-05:00",
		"location_details": {
			"country": ["United States of America"],
			"state": ["New York"],
			"city": ["New York City"],
			"attraction": [],
			"county": ["New York County"]
		},
		"sales_count": 0,
		"licensing_requested": false,
		"focal_length": "18",
		"for_critique": false,
		"editors_choice": false,
		"is_free_photo": false,
		"profile": true
	}, {
		"user": {
			"cover_url": "https://drscdn.500px.org/user_cover/580768/q%3D65_m%3D2048/v2?webp=true&v=5&sig=74f641265a977ebdc4da3d7b009f166f322a90e30ab73c1f574d063cccbcb099",
			"firstname": "Roman",
			"userpic_url": "https://drscdn.500px.org/user_avatar/580768/q%3D85_w%3D300_h%3D300/v2?webp=true&v=108&sig=7c30ccec94a58bcc0e270658b35bb25a357435583d7f465596c88d4fd2dc1dbe",
			"following": false,
			"lastname": "Kruglov",
			"id": 580768,
			"userpic_https_url": "https://drscdn.500px.org/user_avatar/580768/q%3D85_w%3D300_h%3D300/v2?webp=true&v=108&sig=7c30ccec94a58bcc0e270658b35bb25a357435583d7f465596c88d4fd2dc1dbe",
			"city": "Brooklyn",
			"avatars": {
				"large": {
					"https": "https://drscdn.500px.org/user_avatar/580768/q%3D85_w%3D100_h%3D100/v2?webp=true&v=108&sig=720673dc018f0989bd8ba014691d4718dc381c4f1e018270381d0e816da9820c"
				},
				"default": {
					"https": "https://drscdn.500px.org/user_avatar/580768/q%3D85_w%3D300_h%3D300/v2?webp=true&v=108&sig=7c30ccec94a58bcc0e270658b35bb25a357435583d7f465596c88d4fd2dc1dbe"
				},
				"tiny": {
					"https": "https://drscdn.500px.org/user_avatar/580768/q%3D85_w%3D30_h%3D30/v2?webp=true&v=108&sig=7462e7c397efed9447cfa058ba66a2da4621bea643f143a93e9a6e14573d86c8"
				},
				"small": {
					"https": "https://drscdn.500px.org/user_avatar/580768/q%3D85_w%3D50_h%3D50/v2?webp=true&v=108&sig=81d1158367c45dca7f6dea7016f3f838df92cffdef14731f8c8401a862c8f2fd"
				}
			},
			"username": "romankphoto",
			"store_on": true,
			"affection": 192918,
			"country": "USA",
			"usertype": 0,
			"upgrade_status": 3,
			"fullname": "Roman Kruglov"
		},
		"editored_by": {},
		"licensing_status": 3,
		"aperture": "16",
		"voted": false,
		"highest_rating": 89.4,
		"description": null,
		"rating": 46.9,
		"name": "City of dreams",
		"comments": [],
		"for_sale_date": null,
		"image_url": ["https://drscdn.500px.org/photo/63679315/w%3D280_h%3D280/v2?client_application_id=47433&user_id=18878495&webp=true&v=0&sig=0d30ab00cb89e24694a3313d3e666587f106e0f29cae0b7804b793ca9102d8d2"],
		"shutter_speed": "13",
		"purchased": false,
		"privacy": false,
		"for_sale": true,
		"store_width": 6000,
		"comments_count": 10,
		"id": 63679315,
		"editors_choice_date": null,
		"critiques_callout_dismissed": false,
		"disliked": false,
		"crop_version": 0,
		"favorites_count": 10,
		"lens": null,
		"store_height": 4000,
		"feature_date": "2014-03-13T12:35:58+00:00",
		"status": 1,
		"liked": false,
		"licensing_suggested": false,
		"votes_count": 56,
		"width": 6000,
		"category": 8,
		"url": "/photo/63679315/city-of-dreams-by-roman-kruglov",
		"camera": "ILCE-7",
		"highest_rating_date": "2014-03-14T04:56:32-04:00",
		"hi_res_uploaded": 2,
		"watermark": true,
		"times_viewed": 5053,
		"image_format": "jpeg",
		"converted_bits": 31,
		"iso": "50",
		"images": [{
			"https_url": "https://drscdn.500px.org/photo/63679315/w%3D280_h%3D280/v2?client_application_id=47433&user_id=18878495&webp=true&v=0&sig=0d30ab00cb89e24694a3313d3e666587f106e0f29cae0b7804b793ca9102d8d2",
			"format": "jpeg",
			"url": "https://drscdn.500px.org/photo/63679315/w%3D280_h%3D280/v2?client_application_id=47433&user_id=18878495&webp=true&v=0&sig=0d30ab00cb89e24694a3313d3e666587f106e0f29cae0b7804b793ca9102d8d2",
			"size": 3
		}],
		"feature": "popular",
		"exclude_gads": false,
		"nsfw": false,
		"taken_at": "2014-03-08T10:02:29-05:00",
		"location": null,
		"user_id": 580768,
		"height": 4000,
		"request_to_buy_enabled": false,
		"longitude": -74.0535163879,
		"license_type": 0,
		"converted": true,
		"license_requests_enabled": true,
		"latitude": 40.5997471033,
		"positive_votes_count": 56,
		"collections_count": -1,
		"created_at": "2014-03-13T08:10:58-04:00",
		"location_details": {
			"country": ["United States of America"],
			"state": ["New York"],
			"city": ["New York City"],
			"attraction": [],
			"county": ["Richmond"]
		},
		"sales_count": 0,
		"licensing_requested": false,
		"focal_length": "35",
		"for_critique": false,
		"editors_choice": false,
		"is_free_photo": false,
		"profile": true
	}, {
		"user": {
			"cover_url": "https://drscdn.500px.org/user_cover/801996/q%3D65_m%3D2048/v2?webp=true&v=4&sig=de820fd92f1c0c802e5bfd86d3239f44d9ddefdd4d06eb567cb21095a314e27d",
			"firstname": "Rodolfo",
			"userpic_url": "https://drscdn.500px.org/user_avatar/801996/q%3D85_w%3D300_h%3D300/v2?webp=true&v=3&sig=7bb503681dae8382932e3883a23233a3564ac6b8c3662643d4b2a9e1f0d0981f",
			"following": false,
			"lastname": "Cardarelli",
			"id": 801996,
			"userpic_https_url": "https://drscdn.500px.org/user_avatar/801996/q%3D85_w%3D300_h%3D300/v2?webp=true&v=3&sig=7bb503681dae8382932e3883a23233a3564ac6b8c3662643d4b2a9e1f0d0981f",
			"city": "Rome",
			"avatars": {
				"large": {
					"https": "https://drscdn.500px.org/user_avatar/801996/q%3D85_w%3D100_h%3D100/v2?webp=true&v=3&sig=875b3ea68dc9d72c7b1fc986e1e166b39d313b799b44a55a67fe138f3e675a7f"
				},
				"default": {
					"https": "https://drscdn.500px.org/user_avatar/801996/q%3D85_w%3D300_h%3D300/v2?webp=true&v=3&sig=7bb503681dae8382932e3883a23233a3564ac6b8c3662643d4b2a9e1f0d0981f"
				},
				"tiny": {
					"https": "https://drscdn.500px.org/user_avatar/801996/q%3D85_w%3D30_h%3D30/v2?webp=true&v=3&sig=a0ac76461495a0ea88175723ae7e9c15ee397470fc53b5b93aaacd016cf73512"
				},
				"small": {
					"https": "https://drscdn.500px.org/user_avatar/801996/q%3D85_w%3D50_h%3D50/v2?webp=true&v=3&sig=c8ac3b1462fc5d1cfaca0b52a4e51a8262b35ad30b1f39df67b4e5d9e249728a"
				}
			},
			"username": "rodocarda",
			"store_on": true,
			"affection": 7619,
			"country": "Italy",
			"usertype": 0,
			"upgrade_status": 0,
			"fullname": "Rodolfo Cardarelli"
		},
		"editored_by": {},
		"licensing_status": 3,
		"aperture": "11",
		"voted": false,
		"highest_rating": 89.4,
		"description": null,
		"rating": 47.8,
		"name": "Manhattan skyline - flow",
		"comments": [],
		"for_sale_date": null,
		"image_url": ["https://drscdn.500px.org/photo/69660315/w%3D280_h%3D280/v2?client_application_id=47433&user_id=18878495&webp=true&v=0&sig=328b2a43bc1a7419e2b2f8a11ad5eaafa4f773366bf6ea922a19fe43ae442c49"],
		"shutter_speed": "30",
		"purchased": false,
		"privacy": false,
		"for_sale": true,
		"store_width": 5686,
		"comments_count": 2,
		"id": 69660315,
		"editors_choice_date": null,
		"critiques_callout_dismissed": false,
		"disliked": false,
		"crop_version": 0,
		"favorites_count": 13,
		"lens": null,
		"store_height": 3790,
		"feature_date": "2014-05-07T09:15:24+00:00",
		"status": 1,
		"liked": false,
		"licensing_suggested": false,
		"votes_count": 69,
		"width": 2843,
		"category": 8,
		"url": "/photo/69660315/manhattan-skyline-flow-by-rodolfo-cardarelli",
		"camera": "Nikon D610",
		"highest_rating_date": "2014-05-07T07:23:47-04:00",
		"hi_res_uploaded": 1,
		"watermark": false,
		"times_viewed": 6885,
		"image_format": "jpeg",
		"converted_bits": 31,
		"iso": "100",
		"images": [{
			"https_url": "https://drscdn.500px.org/photo/69660315/w%3D280_h%3D280/v2?client_application_id=47433&user_id=18878495&webp=true&v=0&sig=328b2a43bc1a7419e2b2f8a11ad5eaafa4f773366bf6ea922a19fe43ae442c49",
			"format": "jpeg",
			"url": "https://drscdn.500px.org/photo/69660315/w%3D280_h%3D280/v2?client_application_id=47433&user_id=18878495&webp=true&v=0&sig=328b2a43bc1a7419e2b2f8a11ad5eaafa4f773366bf6ea922a19fe43ae442c49",
			"size": 3
		}],
		"feature": "popular",
		"exclude_gads": false,
		"nsfw": false,
		"taken_at": "2014-04-20T00:59:29-04:00",
		"location": null,
		"user_id": 801996,
		"height": 1895,
		"request_to_buy_enabled": false,
		"longitude": -74.001159668,
		"license_type": 0,
		"converted": true,
		"license_requests_enabled": false,
		"latitude": 40.6608476973,
		"positive_votes_count": 69,
		"collections_count": 5,
		"created_at": "2014-05-07T03:58:44-04:00",
		"location_details": {
			"country": ["United States of America"],
			"state": ["New York"],
			"city": ["New York City"],
			"attraction": [],
			"county": ["Kings"]
		},
		"sales_count": 0,
		"licensing_requested": false,
		"focal_length": "24",
		"for_critique": false,
		"editors_choice": false,
		"is_free_photo": false,
		"profile": true
	}, {
		"user": {
			"cover_url": "https://drscdn.500px.org/user_cover/1275549/q%3D65_m%3D2048/v2?webp=true&v=9&sig=fd224fcccc5a09cfdbd1d8c94a06760d45d8afff911f739d46b5e5b076c06617",
			"firstname": "Anatoliy",
			"userpic_url": "https://drscdn.500px.org/user_avatar/1275549/q%3D85_w%3D300_h%3D300/v2?webp=true&v=1&sig=bd3c7f4413c23dfd30571760dbb21b5b283f1cac5f7218db90e4b539db70c082",
			"following": false,
			"lastname": "Urbanskiy",
			"id": 1275549,
			"userpic_https_url": "https://drscdn.500px.org/user_avatar/1275549/q%3D85_w%3D300_h%3D300/v2?webp=true&v=1&sig=bd3c7f4413c23dfd30571760dbb21b5b283f1cac5f7218db90e4b539db70c082",
			"city": "STATEN ISLAND",
			"avatars": {
				"large": {
					"https": "https://drscdn.500px.org/user_avatar/1275549/q%3D85_w%3D100_h%3D100/v2?webp=true&v=1&sig=953f4a49bed97edadc58e6d3632fb2c98d91c5812b557a6386f269410b5bbe3a"
				},
				"default": {
					"https": "https://drscdn.500px.org/user_avatar/1275549/q%3D85_w%3D300_h%3D300/v2?webp=true&v=1&sig=bd3c7f4413c23dfd30571760dbb21b5b283f1cac5f7218db90e4b539db70c082"
				},
				"tiny": {
					"https": "https://drscdn.500px.org/user_avatar/1275549/q%3D85_w%3D30_h%3D30/v2?webp=true&v=1&sig=ec1a07b800ae3933cbbf615b60c28c8c01ad0682384b1b149180fc0c304aaf22"
				},
				"small": {
					"https": "https://drscdn.500px.org/user_avatar/1275549/q%3D85_w%3D50_h%3D50/v2?webp=true&v=1&sig=3f02e91e2d97edd6c451e7b7813f21f756e13353673fc957039989be69f7ca0e"
				}
			},
			"username": "anatoliyurb",
			"store_on": true,
			"affection": 117869,
			"country": "USA",
			"usertype": 0,
			"upgrade_status": 2,
			"fullname": "Anatoliy Urbanskiy"
		},
		"editored_by": {},
		"licensing_status": 3,
		"aperture": "8",
		"voted": false,
		"highest_rating": 91.1,
		"description": "Verrazano Bridge. After Sunset.",
		"rating": 49.1,
		"name": "Bridge at Twilight.",
		"comments": [],
		"for_sale_date": null,
		"image_url": ["https://drscdn.500px.org/photo/74628643/w%3D280_h%3D280/v2?client_application_id=47433&user_id=18878495&webp=true&v=0&sig=be76ad6eac5c239e13687f49a2b80d77761f56ff68ca18f4c34b353c98f971dc"],
		"shutter_speed": "13",
		"purchased": false,
		"privacy": false,
		"for_sale": true,
		"store_width": 5567,
		"comments_count": 19,
		"id": 74628643,
		"editors_choice_date": null,
		"critiques_callout_dismissed": false,
		"disliked": false,
		"crop_version": 0,
		"favorites_count": 86,
		"lens": null,
		"store_height": 3711,
		"feature_date": "2014-06-24T03:59:44+00:00",
		"status": 1,
		"liked": false,
		"licensing_suggested": false,
		"votes_count": 263,
		"width": 5567,
		"category": 8,
		"url": "/photo/74628643/bridge-at-twilight-by-anatoliy-urbanskiy",
		"camera": "Canon EOS 5D Mark III",
		"highest_rating_date": "2014-06-24T13:09:13-04:00",
		"hi_res_uploaded": 2,
		"watermark": false,
		"times_viewed": 8859,
		"image_format": "jpeg",
		"converted_bits": 31,
		"iso": "50",
		"images": [{
			"https_url": "https://drscdn.500px.org/photo/74628643/w%3D280_h%3D280/v2?client_application_id=47433&user_id=18878495&webp=true&v=0&sig=be76ad6eac5c239e13687f49a2b80d77761f56ff68ca18f4c34b353c98f971dc",
			"format": "jpeg",
			"url": "https://drscdn.500px.org/photo/74628643/w%3D280_h%3D280/v2?client_application_id=47433&user_id=18878495&webp=true&v=0&sig=be76ad6eac5c239e13687f49a2b80d77761f56ff68ca18f4c34b353c98f971dc",
			"size": 3
		}],
		"feature": "popular",
		"exclude_gads": false,
		"nsfw": false,
		"taken_at": "2014-05-25T20:37:28-04:00",
		"location": null,
		"user_id": 1275549,
		"height": 3711,
		"request_to_buy_enabled": true,
		"longitude": -74.0533447266,
		"license_type": 0,
		"converted": true,
		"license_requests_enabled": true,
		"latitude": 40.6017021454,
		"positive_votes_count": 263,
		"collections_count": -1,
		"created_at": "2014-06-23T20:01:05-04:00",
		"location_details": {
			"country": ["United States of America"],
			"state": ["New York"],
			"city": ["New York City"],
			"attraction": [],
			"county": ["Richmond"]
		},
		"sales_count": 0,
		"licensing_requested": false,
		"focal_length": "17",
		"for_critique": false,
		"editors_choice": false,
		"is_free_photo": false,
		"profile": true
	}, {
		"user": {
			"cover_url": "https://drscdn.500px.org/user_cover/1310851/q%3D65_m%3D2048/v2?webp=true&v=3&sig=08bac7d0e5e4f994af96f6357e70262389a4d8480e8c13f5b0ce87c63c99dc33",
			"firstname": "Roman",
			"userpic_url": "https://drscdn.500px.org/user_avatar/1310851/q%3D85_w%3D300_h%3D300/v2?webp=true&v=3&sig=d98f9a76aeb193ab8bba6e6c4a4a97d202db92799b28a4e4eea0b00c156b9c73",
			"following": false,
			"lastname": "Yee",
			"id": 1310851,
			"userpic_https_url": "https://drscdn.500px.org/user_avatar/1310851/q%3D85_w%3D300_h%3D300/v2?webp=true&v=3&sig=d98f9a76aeb193ab8bba6e6c4a4a97d202db92799b28a4e4eea0b00c156b9c73",
			"city": "New York",
			"avatars": {
				"large": {
					"https": "https://drscdn.500px.org/user_avatar/1310851/q%3D85_w%3D100_h%3D100/v2?webp=true&v=3&sig=e33666adbb263d5e37b389861efc93f6e691e071428a5e6d406d464572ce07c7"
				},
				"default": {
					"https": "https://drscdn.500px.org/user_avatar/1310851/q%3D85_w%3D300_h%3D300/v2?webp=true&v=3&sig=d98f9a76aeb193ab8bba6e6c4a4a97d202db92799b28a4e4eea0b00c156b9c73"
				},
				"tiny": {
					"https": "https://drscdn.500px.org/user_avatar/1310851/q%3D85_w%3D30_h%3D30/v2?webp=true&v=3&sig=c4f40a1f188e48d3c97ac6130437a5ffa4e919720d828de746c0dcb20d7e3f45"
				},
				"small": {
					"https": "https://drscdn.500px.org/user_avatar/1310851/q%3D85_w%3D50_h%3D50/v2?webp=true&v=3&sig=2586bfa17c97e9df00e8271f348701837a670a3fbbaf1147e16c439bd86641dc"
				}
			},
			"username": "romanyee",
			"store_on": true,
			"affection": 599,
			"country": "USA",
			"usertype": 0,
			"upgrade_status": 0,
			"fullname": "Roman Yee"
		},
		"editored_by": {},
		"licensing_status": 3,
		"aperture": "16",
		"voted": false,
		"highest_rating": 91.2,
		"description": "a tribute to the tragic fall of the World Trade Center buildings.  2013",
		"rating": 48.5,
		"name": "Pathway to Tribute Lights 2013",
		"comments": [],
		"for_sale_date": null,
		"image_url": ["https://drscdn.500px.org/photo/62045471/w%3D280_h%3D280/v2?client_application_id=47433&user_id=18878495&webp=true&v=0&sig=cf8a56d79347f53bd3754fc0c655720d553202ee2bf0e596267ec5089ce5eb4f"],
		"shutter_speed": "151",
		"purchased": false,
		"privacy": false,
		"for_sale": true,
		"store_width": 5760,
		"comments_count": 5,
		"id": 62045471,
		"editors_choice_date": null,
		"critiques_callout_dismissed": false,
		"disliked": false,
		"crop_version": 0,
		"favorites_count": 23,
		"lens": "",
		"store_height": 3840,
		"feature_date": "2014-02-24T20:27:31+00:00",
		"status": 1,
		"liked": false,
		"licensing_suggested": false,
		"votes_count": 88,
		"width": 5760,
		"category": 8,
		"url": "/photo/62045471/pathway-to-tribute-lights-2013-by-roman-yee",
		"camera": "Canon EOS 5D Mark III",
		"highest_rating_date": "2014-02-25T08:27:01-05:00",
		"hi_res_uploaded": 1,
		"watermark": false,
		"times_viewed": 24001,
		"image_format": "jpeg",
		"converted_bits": 31,
		"iso": "100",
		"images": [{
			"https_url": "https://drscdn.500px.org/photo/62045471/w%3D280_h%3D280/v2?client_application_id=47433&user_id=18878495&webp=true&v=0&sig=cf8a56d79347f53bd3754fc0c655720d553202ee2bf0e596267ec5089ce5eb4f",
			"format": "jpeg",
			"url": "https://drscdn.500px.org/photo/62045471/w%3D280_h%3D280/v2?client_application_id=47433&user_id=18878495&webp=true&v=0&sig=cf8a56d79347f53bd3754fc0c655720d553202ee2bf0e596267ec5089ce5eb4f",
			"size": 3
		}],
		"feature": "popular",
		"exclude_gads": false,
		"nsfw": false,
		"taken_at": "2013-09-11T16:41:31-04:00",
		"location": null,
		"user_id": 1310851,
		"height": 3840,
		"request_to_buy_enabled": true,
		"longitude": -73.9973831177,
		"license_type": 0,
		"converted": true,
		"license_requests_enabled": true,
		"latitude": 40.6970387128,
		"positive_votes_count": 88,
		"collections_count": 23,
		"created_at": "2014-02-24T13:57:10-05:00",
		"location_details": {
			"country": ["United States of America"],
			"state": ["New York"],
			"city": ["New York City"],
			"attraction": [],
			"county": ["Kings County"]
		},
		"sales_count": 0,
		"licensing_requested": false,
		"focal_length": "28",
		"for_critique": false,
		"editors_choice": false,
		"is_free_photo": false,
		"profile": true
	}, {
		"user": {
			"cover_url": "https://drscdn.500px.org/user_cover/661047/q%3D65_m%3D2048/v2?webp=true&v=9&sig=9cbea23a6b7d16a32ed44e327ffcecdacf04b820823342b5a041ce4725b19b9c",
			"firstname": "DeShaun",
			"userpic_url": "https://drscdn.500px.org/user_avatar/661047/q%3D85_w%3D300_h%3D300/v2?webp=true&v=61&sig=e0d7b081d7ae3c8fb0397b3009f5fae475c61ba2d7e7e0681226c3e70082feaf",
			"following": false,
			"lastname": "Craddock",
			"id": 661047,
			"userpic_https_url": "https://drscdn.500px.org/user_avatar/661047/q%3D85_w%3D300_h%3D300/v2?webp=true&v=61&sig=e0d7b081d7ae3c8fb0397b3009f5fae475c61ba2d7e7e0681226c3e70082feaf",
			"city": "Brooklyn",
			"avatars": {
				"large": {
					"https": "https://drscdn.500px.org/user_avatar/661047/q%3D85_w%3D100_h%3D100/v2?webp=true&v=61&sig=a417c68c166e903694a68d1931d4ee8564e3155ecc4de10b88748ada879e10e7"
				},
				"default": {
					"https": "https://drscdn.500px.org/user_avatar/661047/q%3D85_w%3D300_h%3D300/v2?webp=true&v=61&sig=e0d7b081d7ae3c8fb0397b3009f5fae475c61ba2d7e7e0681226c3e70082feaf"
				},
				"tiny": {
					"https": "https://drscdn.500px.org/user_avatar/661047/q%3D85_w%3D30_h%3D30/v2?webp=true&v=61&sig=ca38ae94e0842a921e7ad83ab5dbca7f50e96aaaf0ddbd856ac79409a0e73a9c"
				},
				"small": {
					"https": "https://drscdn.500px.org/user_avatar/661047/q%3D85_w%3D50_h%3D50/v2?webp=true&v=61&sig=d455dd483db8057f26f0c5f7927bf17bab715922c3c4efbb9594b28fdd708f24"
				}
			},
			"username": "deshaunicus",
			"store_on": true,
			"affection": 5522,
			"country": "United States",
			"usertype": 0,
			"upgrade_status": 0,
			"fullname": "DeShaun Craddock"
		},
		"editored_by": {},
		"licensing_status": 3,
		"aperture": "11",
		"voted": false,
		"highest_rating": 91.3,
		"description": null,
		"rating": 47.1,
		"name": "The Pond",
		"comments": [],
		"for_sale_date": null,
		"image_url": ["https://drscdn.500px.org/photo/68355885/w%3D280_h%3D280/v2?client_application_id=47433&user_id=18878495&webp=true&v=0&sig=c72837f86020074e220e99485f72f2f5994b9856f999d9f9293cf988d135873a"],
		"shutter_speed": "1/200",
		"purchased": false,
		"privacy": false,
		"for_sale": true,
		"store_width": null,
		"comments_count": 0,
		"id": 68355885,
		"editors_choice_date": null,
		"critiques_callout_dismissed": false,
		"disliked": false,
		"crop_version": 0,
		"favorites_count": 22,
		"lens": null,
		"store_height": null,
		"feature_date": "2014-04-26T08:16:15+00:00",
		"status": 1,
		"liked": false,
		"licensing_suggested": false,
		"votes_count": 46,
		"width": 5656,
		"category": 8,
		"url": "/photo/68355885/the-pond-by-deshaun-craddock",
		"camera": "NIKON D600",
		"highest_rating_date": "2014-04-26T05:01:41-04:00",
		"hi_res_uploaded": 2,
		"watermark": false,
		"times_viewed": 4744,
		"image_format": "jpeg",
		"converted_bits": 31,
		"iso": "400",
		"images": [{
			"https_url": "https://drscdn.500px.org/photo/68355885/w%3D280_h%3D280/v2?client_application_id=47433&user_id=18878495&webp=true&v=0&sig=c72837f86020074e220e99485f72f2f5994b9856f999d9f9293cf988d135873a",
			"format": "jpeg",
			"url": "https://drscdn.500px.org/photo/68355885/w%3D280_h%3D280/v2?client_application_id=47433&user_id=18878495&webp=true&v=0&sig=c72837f86020074e220e99485f72f2f5994b9856f999d9f9293cf988d135873a",
			"size": 3
		}],
		"feature": "popular",
		"exclude_gads": false,
		"nsfw": false,
		"taken_at": "2014-04-24T18:15:03-04:00",
		"location": null,
		"user_id": 661047,
		"height": 3776,
		"request_to_buy_enabled": true,
		"longitude": -73.973608,
		"license_type": 0,
		"converted": true,
		"license_requests_enabled": true,
		"latitude": 40.766562,
		"positive_votes_count": 46,
		"collections_count": 3,
		"created_at": "2014-04-26T03:54:08-04:00",
		"location_details": {
			"country": ["United States of America"],
			"state": ["New York"],
			"city": ["New York City"],
			"attraction": [],
			"county": []
		},
		"sales_count": 0,
		"licensing_requested": false,
		"focal_length": "29",
		"for_critique": false,
		"editors_choice": false,
		"is_free_photo": false,
		"profile": true
	}, {
		"user": {
			"cover_url": "https://drscdn.500px.org/user_cover/819618/q%3D65_m%3D2048/v2?webp=true&v=1&sig=c023256a1f556070818bb9d22b6dac918295ffd1195c44a755fb8d7940b9cd3a",
			"firstname": "Saurav",
			"userpic_url": "https://drscdn.500px.org/user_avatar/819618/q%3D85_w%3D300_h%3D300/v2?webp=true&v=1&sig=31ef961cbdaf1be2ce9b1a55db584738c0e4d81751a98be63e2974f558cfbb41",
			"following": false,
			"lastname": "Pandey",
			"id": 819618,
			"userpic_https_url": "https://drscdn.500px.org/user_avatar/819618/q%3D85_w%3D300_h%3D300/v2?webp=true&v=1&sig=31ef961cbdaf1be2ce9b1a55db584738c0e4d81751a98be63e2974f558cfbb41",
			"city": "Brampton",
			"avatars": {
				"large": {
					"https": "https://drscdn.500px.org/user_avatar/819618/q%3D85_w%3D100_h%3D100/v2?webp=true&v=1&sig=1762b4ebb5313deb9d11cc7f4b1c4b1ae56241fdcf518cf27f03aa68d2148f18"
				},
				"default": {
					"https": "https://drscdn.500px.org/user_avatar/819618/q%3D85_w%3D300_h%3D300/v2?webp=true&v=1&sig=31ef961cbdaf1be2ce9b1a55db584738c0e4d81751a98be63e2974f558cfbb41"
				},
				"tiny": {
					"https": "https://drscdn.500px.org/user_avatar/819618/q%3D85_w%3D30_h%3D30/v2?webp=true&v=1&sig=afb2723ce84c4ccd299b69bc3d918a869938d58cfbbc82a2fb467e9dcea5ce4c"
				},
				"small": {
					"https": "https://drscdn.500px.org/user_avatar/819618/q%3D85_w%3D50_h%3D50/v2?webp=true&v=1&sig=8609e8163f9dc5282f29d9040b690e3ce8aef3c7f1f23357dc8625bbe41f75cd"
				}
			},
			"username": "hellosaurav",
			"store_on": true,
			"affection": 3734,
			"country": "Canada",
			"usertype": 0,
			"upgrade_status": 0,
			"fullname": "Saurav Pandey"
		},
		"editored_by": {},
		"licensing_status": 3,
		"aperture": "22",
		"voted": false,
		"highest_rating": 91.5,
		"description": "http://en.wikipedia.org/wiki/Brooklyn_Bridge     EXIF: 3.2s [+/- 2 stops] f/22, ISO100, 15mm\nPrints at http://fineartamerica.com/featured/brooklyn-bridge-saurav-pandey.html",
		"rating": 47.4,
		"name": "Brooklyn Bridge",
		"comments": [],
		"for_sale_date": null,
		"image_url": ["https://drscdn.500px.org/photo/62696343/w%3D280_h%3D280/v2?client_application_id=47433&user_id=18878495&webp=true&v=0&sig=6e918bb27b81e39531d88a54d610f4ce5da07e6532d3d4dded5a2290a849e17d"],
		"shutter_speed": "3",
		"purchased": false,
		"privacy": false,
		"for_sale": true,
		"store_width": 4710,
		"comments_count": 4,
		"id": 62696343,
		"editors_choice_date": null,
		"critiques_callout_dismissed": false,
		"disliked": false,
		"crop_version": 0,
		"favorites_count": 14,
		"lens": null,
		"store_height": 3140,
		"feature_date": "2014-03-03T14:14:40+00:00",
		"status": 1,
		"liked": false,
		"licensing_suggested": false,
		"votes_count": 57,
		"width": 4710,
		"category": 8,
		"url": "/photo/62696343/brooklyn-bridge-by-saurav-pandey",
		"camera": "Canon EOS 600D",
		"highest_rating_date": "2014-03-04T05:12:17-05:00",
		"hi_res_uploaded": 1,
		"watermark": false,
		"times_viewed": 6830,
		"image_format": "jpeg",
		"converted_bits": 31,
		"iso": "100",
		"images": [{
			"https_url": "https://drscdn.500px.org/photo/62696343/w%3D280_h%3D280/v2?client_application_id=47433&user_id=18878495&webp=true&v=0&sig=6e918bb27b81e39531d88a54d610f4ce5da07e6532d3d4dded5a2290a849e17d",
			"format": "jpeg",
			"url": "https://drscdn.500px.org/photo/62696343/w%3D280_h%3D280/v2?client_application_id=47433&user_id=18878495&webp=true&v=0&sig=6e918bb27b81e39531d88a54d610f4ce5da07e6532d3d4dded5a2290a849e17d",
			"size": 3
		}],
		"feature": "popular",
		"exclude_gads": false,
		"nsfw": false,
		"taken_at": "2014-03-01T18:50:00-05:00",
		"location": null,
		"user_id": 819618,
		"height": 3140,
		"request_to_buy_enabled": true,
		"longitude": -73.993612,
		"license_type": 0,
		"converted": true,
		"license_requests_enabled": false,
		"latitude": 40.704445,
		"positive_votes_count": 57,
		"collections_count": 268,
		"created_at": "2014-03-03T09:01:23-05:00",
		"location_details": {
			"country": ["United States of America"],
			"state": ["New York"],
			"city": ["New York City"],
			"attraction": [],
			"county": ["Kings"]
		},
		"sales_count": 0,
		"licensing_requested": false,
		"focal_length": "15",
		"for_critique": false,
		"editors_choice": false,
		"is_free_photo": false,
		"profile": true
	}, {
		"user": {
			"cover_url": null,
			"firstname": "William",
			"userpic_url": "https://drscdn.500px.org/user_avatar/4654448/q%3D85_w%3D300_h%3D300/v2?webp=true&v=2&sig=f374f7b4006507c7a5f900863cc948a7ba6435ddfc0a2c573a5e65c0d407bd8c",
			"following": false,
			"lastname": "Rivera",
			"id": 4654448,
			"userpic_https_url": "https://drscdn.500px.org/user_avatar/4654448/q%3D85_w%3D300_h%3D300/v2?webp=true&v=2&sig=f374f7b4006507c7a5f900863cc948a7ba6435ddfc0a2c573a5e65c0d407bd8c",
			"city": "Jackson Heights",
			"avatars": {
				"large": {
					"https": "https://drscdn.500px.org/user_avatar/4654448/q%3D85_w%3D100_h%3D100/v2?webp=true&v=2&sig=07c073e4924751b153936e4e09faedd6dc9c8ebcbfc51710d9a289fc02aab660"
				},
				"default": {
					"https": "https://drscdn.500px.org/user_avatar/4654448/q%3D85_w%3D300_h%3D300/v2?webp=true&v=2&sig=f374f7b4006507c7a5f900863cc948a7ba6435ddfc0a2c573a5e65c0d407bd8c"
				},
				"tiny": {
					"https": "https://drscdn.500px.org/user_avatar/4654448/q%3D85_w%3D30_h%3D30/v2?webp=true&v=2&sig=9293c0584a65feabb3004f1edbe314a2863bb9b2ad4f0060a25b3a0aa1f609d7"
				},
				"small": {
					"https": "https://drscdn.500px.org/user_avatar/4654448/q%3D85_w%3D50_h%3D50/v2?webp=true&v=2&sig=67ce7c3e0011042c0e7ed900a6c259f510e38a23a118ddb9cebf36f669ab9690"
				}
			},
			"username": "wkrivera",
			"store_on": true,
			"affection": 143,
			"country": "USA",
			"usertype": 0,
			"upgrade_status": 0,
			"fullname": "William Rivera"
		},
		"editored_by": {},
		"licensing_status": 3,
		"aperture": "2.4",
		"voted": false,
		"highest_rating": 91.7,
		"description": "Sunset with Freedom Tower in the picture.",
		"rating": 47.9,
		"name": "Let Freedom Ring",
		"comments": [],
		"for_sale_date": null,
		"image_url": ["https://drscdn.500px.org/photo/48642994/w%3D280_h%3D280/v2?client_application_id=47433&user_id=18878495&webp=true&v=0&sig=48a41a06c4a7c7501fc305746f55548ff8318aa2d1b42a395224c3678fc3562f"],
		"shutter_speed": "1/180",
		"purchased": false,
		"privacy": false,
		"for_sale": true,
		"store_width": 3264,
		"comments_count": 6,
		"id": 48642994,
		"editors_choice_date": null,
		"critiques_callout_dismissed": false,
		"disliked": false,
		"crop_version": 0,
		"favorites_count": 21,
		"lens": null,
		"store_height": 2156,
		"feature_date": "2013-10-09T19:11:06+00:00",
		"status": 1,
		"liked": false,
		"licensing_suggested": false,
		"votes_count": 67,
		"width": 3264,
		"category": 8,
		"url": "/photo/48642994/let-freedom-ring-by-william-rivera",
		"camera": "iPhone 5",
		"highest_rating_date": "2013-10-10T00:03:36-04:00",
		"hi_res_uploaded": 1,
		"watermark": false,
		"times_viewed": 4474,
		"image_format": "jpeg",
		"converted_bits": 31,
		"iso": "50",
		"images": [{
			"https_url": "https://drscdn.500px.org/photo/48642994/w%3D280_h%3D280/v2?client_application_id=47433&user_id=18878495&webp=true&v=0&sig=48a41a06c4a7c7501fc305746f55548ff8318aa2d1b42a395224c3678fc3562f",
			"format": "jpeg",
			"url": "https://drscdn.500px.org/photo/48642994/w%3D280_h%3D280/v2?client_application_id=47433&user_id=18878495&webp=true&v=0&sig=48a41a06c4a7c7501fc305746f55548ff8318aa2d1b42a395224c3678fc3562f",
			"size": 3
		}],
		"feature": "popular",
		"exclude_gads": false,
		"nsfw": false,
		"taken_at": "2013-09-26T18:33:40-04:00",
		"location": null,
		"user_id": 4654448,
		"height": 2448,
		"request_to_buy_enabled": true,
		"longitude": -74.0149354935,
		"license_type": 0,
		"converted": true,
		"license_requests_enabled": true,
		"latitude": 40.710182381,
		"positive_votes_count": 67,
		"collections_count": 25,
		"created_at": "2013-10-09T14:42:19-04:00",
		"location_details": {
			"country": ["United States of America"],
			"state": ["New York"],
			"city": ["New York City"],
			"attraction": [],
			"county": []
		},
		"sales_count": 0,
		"licensing_requested": false,
		"focal_length": "4.12",
		"for_critique": false,
		"editors_choice": false,
		"is_free_photo": false,
		"profile": true
	}, {
		"user": {
			"cover_url": "https://drscdn.500px.org/user_cover/524479/q%3D65_m%3D2048/v2?webp=true&v=15&sig=a335c64380fb64a32e295ee4601195f5da530a546843ef73c72f4e9984f5b63c",
			"firstname": "Craig",
			"userpic_url": "https://drscdn.500px.org/user_avatar/524479/q%3D85_w%3D300_h%3D300/v2?webp=true&v=2&sig=d55ba6afa383cce1726489fb64150c89e95629337a592c53075bec0039b31289",
			"following": false,
			"lastname": "Howe",
			"id": 524479,
			"userpic_https_url": "https://drscdn.500px.org/user_avatar/524479/q%3D85_w%3D300_h%3D300/v2?webp=true&v=2&sig=d55ba6afa383cce1726489fb64150c89e95629337a592c53075bec0039b31289",
			"city": "Darien",
			"avatars": {
				"large": {
					"https": "https://drscdn.500px.org/user_avatar/524479/q%3D85_w%3D100_h%3D100/v2?webp=true&v=2&sig=c7a4a2100043b339e145f6ff51bb044722c9a600346b6a5fbe704e46e7935c1c"
				},
				"default": {
					"https": "https://drscdn.500px.org/user_avatar/524479/q%3D85_w%3D300_h%3D300/v2?webp=true&v=2&sig=d55ba6afa383cce1726489fb64150c89e95629337a592c53075bec0039b31289"
				},
				"tiny": {
					"https": "https://drscdn.500px.org/user_avatar/524479/q%3D85_w%3D30_h%3D30/v2?webp=true&v=2&sig=71c7d923a6400d934204c8ca246f6d9da9b434597d1d01ee6311faa9718925d7"
				},
				"small": {
					"https": "https://drscdn.500px.org/user_avatar/524479/q%3D85_w%3D50_h%3D50/v2?webp=true&v=2&sig=e5d156e1282e5633f35f495cf9f615a7b2fddd10ccdbf46e7556f137974c64b9"
				}
			},
			"username": "craiglinzyhowe",
			"store_on": true,
			"affection": 10492,
			"country": "United States",
			"usertype": 0,
			"upgrade_status": 3,
			"fullname": "Craig Howe"
		},
		"editored_by": {},
		"licensing_status": 3,
		"aperture": "9",
		"voted": false,
		"highest_rating": 88.3,
		"description": "New York Harbor",
		"rating": 47.1,
		"name": "New York by Helicopter",
		"comments": [],
		"for_sale_date": null,
		"image_url": ["https://drscdn.500px.org/photo/102123417/w%3D280_h%3D280/v2?client_application_id=47433&user_id=18878495&webp=true&v=7&sig=635cd33eb4cc69e5c286075d0b748605b859bbb1252ba4107883ccc1988eec25"],
		"shutter_speed": "1/1600",
		"purchased": false,
		"privacy": false,
		"for_sale": true,
		"store_width": 6881,
		"comments_count": 1,
		"id": 102123417,
		"editors_choice_date": null,
		"critiques_callout_dismissed": false,
		"disliked": false,
		"crop_version": 7,
		"favorites_count": 15,
		"lens": "28.0-70.0 mm f/2.8",
		"store_height": 2879,
		"feature_date": "2015-03-17T22:27:04+00:00",
		"status": 1,
		"liked": false,
		"licensing_suggested": false,
		"votes_count": 54,
		"width": 6881,
		"category": 8,
		"url": "/photo/102123417/new-york-by-helicopter-by-craig-howe",
		"camera": "NIKON D810",
		"highest_rating_date": "2015-03-18T10:07:25-04:00",
		"hi_res_uploaded": 2,
		"watermark": false,
		"times_viewed": 3171,
		"image_format": "jpeg",
		"converted_bits": 31,
		"iso": "1000",
		"images": [{
			"https_url": "https://drscdn.500px.org/photo/102123417/w%3D280_h%3D280/v2?client_application_id=47433&user_id=18878495&webp=true&v=7&sig=635cd33eb4cc69e5c286075d0b748605b859bbb1252ba4107883ccc1988eec25",
			"format": "jpeg",
			"url": "https://drscdn.500px.org/photo/102123417/w%3D280_h%3D280/v2?client_application_id=47433&user_id=18878495&webp=true&v=7&sig=635cd33eb4cc69e5c286075d0b748605b859bbb1252ba4107883ccc1988eec25",
			"size": 3
		}],
		"feature": "popular",
		"exclude_gads": false,
		"nsfw": false,
		"taken_at": "2015-03-12T15:22:37-04:00",
		"location": null,
		"user_id": 524479,
		"height": 2879,
		"request_to_buy_enabled": true,
		"longitude": -74.0059728,
		"license_type": 0,
		"converted": true,
		"license_requests_enabled": true,
		"latitude": 40.7127753,
		"positive_votes_count": 54,
		"collections_count": 3,
		"created_at": "2015-03-17T17:24:43-04:00",
		"location_details": {
			"country": ["United States"],
			"state": ["New York"],
			"city": ["New York"],
			"attraction": [],
			"county": ["New York County"]
		},
		"sales_count": 0,
		"licensing_requested": false,
		"focal_length": "60",
		"for_critique": false,
		"editors_choice": false,
		"is_free_photo": false,
		"profile": true
	}, {
		"user": {
			"cover_url": "https://drscdn.500px.org/user_cover/416768/q%3D65_m%3D2048/v2?webp=true&v=14&sig=4459b336fd3fc689468a351d8115ccf8f5c2a8f50581cec57a0882164f142836",
			"firstname": "Nazar",
			"userpic_url": "https://drscdn.500px.org/user_avatar/416768/q%3D85_w%3D300_h%3D300/v2?webp=true&v=117&sig=150ab0eb7e94bf8a80828930a5b8a3fe857fd6e2d038007f8d39567a3831b45e",
			"following": false,
			"lastname": "Skalsky",
			"id": 416768,
			"userpic_https_url": "https://drscdn.500px.org/user_avatar/416768/q%3D85_w%3D300_h%3D300/v2?webp=true&v=117&sig=150ab0eb7e94bf8a80828930a5b8a3fe857fd6e2d038007f8d39567a3831b45e",
			"city": "Rzeszów",
			"avatars": {
				"large": {
					"https": "https://drscdn.500px.org/user_avatar/416768/q%3D85_w%3D100_h%3D100/v2?webp=true&v=117&sig=99294c2e49cd69254771a1e9b34ee0d50d648488cb03255cc7150d448b03c2a5"
				},
				"default": {
					"https": "https://drscdn.500px.org/user_avatar/416768/q%3D85_w%3D300_h%3D300/v2?webp=true&v=117&sig=150ab0eb7e94bf8a80828930a5b8a3fe857fd6e2d038007f8d39567a3831b45e"
				},
				"tiny": {
					"https": "https://drscdn.500px.org/user_avatar/416768/q%3D85_w%3D30_h%3D30/v2?webp=true&v=117&sig=ca86502505b469c1f3bd45bbef321e2c8129a2525dc0d9271bec6cccfd7abd9a"
				},
				"small": {
					"https": "https://drscdn.500px.org/user_avatar/416768/q%3D85_w%3D50_h%3D50/v2?webp=true&v=117&sig=bd008bad287182c0e59cb1cb568239c8b049cbe15f6f3d54d5ffdd2ca054afc9"
				}
			},
			"username": "nazarskalsky",
			"store_on": true,
			"affection": 2264,
			"country": "Poland",
			"usertype": 0,
			"upgrade_status": 0,
			"fullname": "Nazar Skalsky"
		},
		"editored_by": {},
		"licensing_status": 3,
		"aperture": null,
		"voted": false,
		"highest_rating": 91.7,
		"description": "Like between two worlds",
		"rating": 49.3,
		"name": "Between Brooklyn and Manhattan. New York",
		"comments": [],
		"for_sale_date": null,
		"image_url": ["https://drscdn.500px.org/photo/70808243/w%3D280_h%3D280/v2?client_application_id=47433&user_id=18878495&webp=true&v=0&sig=d16ab2f56ddafaf3f3d73337e40f3b2a3e9b200784dc5cae927ea32429f509ee"],
		"shutter_speed": null,
		"purchased": false,
		"privacy": false,
		"for_sale": true,
		"store_width": 10397,
		"comments_count": 9,
		"id": 70808243,
		"editors_choice_date": null,
		"critiques_callout_dismissed": false,
		"disliked": false,
		"crop_version": 0,
		"favorites_count": 41,
		"lens": null,
		"store_height": 4802,
		"feature_date": "2014-05-17T18:44:15+00:00",
		"status": 1,
		"liked": false,
		"licensing_suggested": false,
		"votes_count": 182,
		"width": 10397,
		"category": 8,
		"url": "/photo/70808243/between-brooklyn-and-manhattan-new-york-by-nazar-skalsky",
		"camera": "Canon EOS 650D",
		"highest_rating_date": "2014-05-17T19:31:11-04:00",
		"hi_res_uploaded": 1,
		"watermark": false,
		"times_viewed": 45945,
		"image_format": "jpeg",
		"converted_bits": 31,
		"iso": null,
		"images": [{
			"https_url": "https://drscdn.500px.org/photo/70808243/w%3D280_h%3D280/v2?client_application_id=47433&user_id=18878495&webp=true&v=0&sig=d16ab2f56ddafaf3f3d73337e40f3b2a3e9b200784dc5cae927ea32429f509ee",
			"format": "jpeg",
			"url": "https://drscdn.500px.org/photo/70808243/w%3D280_h%3D280/v2?client_application_id=47433&user_id=18878495&webp=true&v=0&sig=d16ab2f56ddafaf3f3d73337e40f3b2a3e9b200784dc5cae927ea32429f509ee",
			"size": 3
		}],
		"feature": "popular",
		"exclude_gads": false,
		"nsfw": false,
		"taken_at": "2014-05-17T15:46:06-04:00",
		"location": null,
		"user_id": 416768,
		"height": 4802,
		"request_to_buy_enabled": false,
		"longitude": -74.001288414,
		"license_type": 0,
		"converted": true,
		"license_requests_enabled": false,
		"latitude": 40.6951515376,
		"positive_votes_count": 182,
		"collections_count": 13,
		"created_at": "2014-05-17T14:27:27-04:00",
		"location_details": {
			"country": ["United States of America"],
			"state": ["New York"],
			"city": ["New York City"],
			"attraction": [],
			"county": ["Kings County"]
		},
		"sales_count": 0,
		"licensing_requested": false,
		"focal_length": null,
		"for_critique": false,
		"editors_choice": false,
		"is_free_photo": false,
		"profile": true
	}, {
		"user": {
			"cover_url": "https://drscdn.500px.org/user_cover/2149773/q%3D65_m%3D2048/v2?webp=true&v=18&sig=c0cf220c056d0dc57058bfdd3a64755cdf2d5ff6e007ac258e9d22433b78b614",
			"firstname": "Bill",
			"userpic_url": "https://drscdn.500px.org/user_avatar/2149773/q%3D85_w%3D300_h%3D300/v2?webp=true&v=1&sig=f3e353c911c8debed582c6aef697261c95376e446d74ad2a9e35f80e4405db3d",
			"following": false,
			"lastname": "McBride",
			"id": 2149773,
			"userpic_https_url": "https://drscdn.500px.org/user_avatar/2149773/q%3D85_w%3D300_h%3D300/v2?webp=true&v=1&sig=f3e353c911c8debed582c6aef697261c95376e446d74ad2a9e35f80e4405db3d",
			"city": "",
			"avatars": {
				"large": {
					"https": "https://drscdn.500px.org/user_avatar/2149773/q%3D85_w%3D100_h%3D100/v2?webp=true&v=1&sig=413fde99047d8fa126e9f656d61b41040e45fa20c42bf5e651f27b99ffd0f294"
				},
				"default": {
					"https": "https://drscdn.500px.org/user_avatar/2149773/q%3D85_w%3D300_h%3D300/v2?webp=true&v=1&sig=f3e353c911c8debed582c6aef697261c95376e446d74ad2a9e35f80e4405db3d"
				},
				"tiny": {
					"https": "https://drscdn.500px.org/user_avatar/2149773/q%3D85_w%3D30_h%3D30/v2?webp=true&v=1&sig=69e5f10dab43161fd2d5a214986f051fcbb22b4e2c6da5f432b0125e38a1b97e"
				},
				"small": {
					"https": "https://drscdn.500px.org/user_avatar/2149773/q%3D85_w%3D50_h%3D50/v2?webp=true&v=1&sig=fcebf15016c4b7cac919a11234aac834408506ebbf1a3c19af645d486fa7c2a1"
				}
			},
			"username": "BillMcBride",
			"store_on": true,
			"affection": 2726,
			"country": "USA",
			"usertype": 0,
			"upgrade_status": 0,
			"fullname": "Bill McBride"
		},
		"editored_by": {},
		"licensing_status": 3,
		"aperture": "6.3",
		"voted": false,
		"highest_rating": 92.3,
		"description": "Surf Fishing at Sunrise",
		"rating": 48.8,
		"name": "Surf Fishing at Sunrise",
		"comments": [],
		"for_sale_date": null,
		"image_url": ["https://drscdn.500px.org/photo/51116124/w%3D280_h%3D280/v2?client_application_id=47433&user_id=18878495&webp=true&v=0&sig=5b798ce6c90f3973e6a1bb4618fcd2511dd035219053f8db8c7728cbbbc2440a"],
		"shutter_speed": "1/640",
		"purchased": false,
		"privacy": false,
		"for_sale": true,
		"store_width": 5205,
		"comments_count": 8,
		"id": 51116124,
		"editors_choice_date": null,
		"critiques_callout_dismissed": false,
		"disliked": false,
		"crop_version": 0,
		"favorites_count": 35,
		"lens": null,
		"store_height": 2603,
		"feature_date": "2013-11-03T20:45:25+00:00",
		"status": 1,
		"liked": false,
		"licensing_suggested": false,
		"votes_count": 115,
		"width": 5205,
		"category": 8,
		"url": "/photo/51116124/surf-fishing-at-sunrise-by-bill-mcbride",
		"camera": "Canon EOS 70D",
		"highest_rating_date": "2013-11-03T23:22:54-05:00",
		"hi_res_uploaded": 2,
		"watermark": false,
		"times_viewed": 27285,
		"image_format": "jpeg",
		"converted_bits": 31,
		"iso": "100",
		"images": [{
			"https_url": "https://drscdn.500px.org/photo/51116124/w%3D280_h%3D280/v2?client_application_id=47433&user_id=18878495&webp=true&v=0&sig=5b798ce6c90f3973e6a1bb4618fcd2511dd035219053f8db8c7728cbbbc2440a",
			"format": "jpeg",
			"url": "https://drscdn.500px.org/photo/51116124/w%3D280_h%3D280/v2?client_application_id=47433&user_id=18878495&webp=true&v=0&sig=5b798ce6c90f3973e6a1bb4618fcd2511dd035219053f8db8c7728cbbbc2440a",
			"size": 3
		}],
		"feature": "popular",
		"exclude_gads": false,
		"nsfw": false,
		"taken_at": "2013-10-26T07:23:29-04:00",
		"location": null,
		"user_id": 2149773,
		"height": 2603,
		"request_to_buy_enabled": false,
		"longitude": -73.6027550697,
		"license_type": 0,
		"converted": true,
		"license_requests_enabled": false,
		"latitude": 40.5850498727,
		"positive_votes_count": 115,
		"collections_count": 11,
		"created_at": "2013-11-03T15:40:04-05:00",
		"location_details": {
			"country": ["United States of America"],
			"state": ["New York"],
			"city": ["Point Lookout"],
			"attraction": [],
			"county": ["Nassau"]
		},
		"sales_count": 0,
		"licensing_requested": false,
		"focal_length": "100",
		"for_critique": false,
		"editors_choice": false,
		"is_free_photo": false,
		"profile": true
	}, {
		"user": {
			"cover_url": "https://drscdn.500px.org/user_cover/163992/q%3D65_m%3D2048/v2?webp=true&v=2&sig=675b7e7b19ef17900d833d80c3ae471de597021e8f7532fcc0f4b8e06fce00b9",
			"firstname": "Alejandro",
			"userpic_url": "https://drscdn.500px.org/user_avatar/163992/q%3D85_w%3D300_h%3D300/v2?webp=true&v=8&sig=1bae46f63b7d25b33c18df459fd6068cdfd9cd344dec2a438306ac104a563861",
			"following": false,
			"lastname": "Bermeo",
			"id": 163992,
			"userpic_https_url": "https://drscdn.500px.org/user_avatar/163992/q%3D85_w%3D300_h%3D300/v2?webp=true&v=8&sig=1bae46f63b7d25b33c18df459fd6068cdfd9cd344dec2a438306ac104a563861",
			"city": "New York",
			"avatars": {
				"large": {
					"https": "https://drscdn.500px.org/user_avatar/163992/q%3D85_w%3D100_h%3D100/v2?webp=true&v=8&sig=39525c747cb5ba95d4e34f87c1b27d17d64e9929f187551ac197c97e696e7080"
				},
				"default": {
					"https": "https://drscdn.500px.org/user_avatar/163992/q%3D85_w%3D300_h%3D300/v2?webp=true&v=8&sig=1bae46f63b7d25b33c18df459fd6068cdfd9cd344dec2a438306ac104a563861"
				},
				"tiny": {
					"https": "https://drscdn.500px.org/user_avatar/163992/q%3D85_w%3D30_h%3D30/v2?webp=true&v=8&sig=07c214c539c1c9b63797565b0222b97428f742423e8e8b47767ae2129573d505"
				},
				"small": {
					"https": "https://drscdn.500px.org/user_avatar/163992/q%3D85_w%3D50_h%3D50/v2?webp=true&v=8&sig=2090a06a5d618c66fd63a567c1d04794bd3290ff8592b2a14c3d8999754ac037"
				}
			},
			"username": "Alejophotos",
			"store_on": true,
			"affection": 423,
			"country": "USA",
			"usertype": 0,
			"upgrade_status": 0,
			"fullname": "Alejandro Bermeo"
		},
		"editored_by": {},
		"licensing_status": 3,
		"aperture": "",
		"voted": false,
		"highest_rating": 92.4,
		"description": null,
		"rating": 47.3,
		"name": "The Bridge",
		"comments": [],
		"for_sale_date": null,
		"image_url": ["https://drscdn.500px.org/photo/86813415/w%3D280_h%3D280/v2?client_application_id=47433&user_id=18878495&webp=true&v=10&sig=d99d26534ef91cff4ff01d53f1a518e2967b8ebef563285c387822417d635bda"],
		"shutter_speed": "",
		"purchased": false,
		"privacy": false,
		"for_sale": true,
		"store_width": 8000,
		"comments_count": 2,
		"id": 86813415,
		"editors_choice_date": null,
		"critiques_callout_dismissed": false,
		"disliked": false,
		"crop_version": 10,
		"favorites_count": 14,
		"lens": null,
		"store_height": 5340,
		"feature_date": "2014-10-19T00:19:54+00:00",
		"status": 1,
		"liked": false,
		"licensing_suggested": false,
		"votes_count": 52,
		"width": 8000,
		"category": 8,
		"url": "/photo/86813415/the-bridge-by-alejandro-bermeo",
		"camera": "NIKON D600",
		"highest_rating_date": "2014-10-19T19:07:35-04:00",
		"hi_res_uploaded": 2,
		"watermark": false,
		"times_viewed": 4915,
		"image_format": "jpeg",
		"converted_bits": 31,
		"iso": "100",
		"images": [{
			"https_url": "https://drscdn.500px.org/photo/86813415/w%3D280_h%3D280/v2?client_application_id=47433&user_id=18878495&webp=true&v=10&sig=d99d26534ef91cff4ff01d53f1a518e2967b8ebef563285c387822417d635bda",
			"format": "jpeg",
			"url": "https://drscdn.500px.org/photo/86813415/w%3D280_h%3D280/v2?client_application_id=47433&user_id=18878495&webp=true&v=10&sig=d99d26534ef91cff4ff01d53f1a518e2967b8ebef563285c387822417d635bda",
			"size": 3
		}],
		"feature": "popular",
		"exclude_gads": false,
		"nsfw": false,
		"taken_at": null,
		"location": null,
		"user_id": 163992,
		"height": 5340,
		"request_to_buy_enabled": true,
		"longitude": -73.935585022,
		"license_type": 0,
		"converted": true,
		"license_requests_enabled": true,
		"latitude": 40.8569285739,
		"positive_votes_count": 52,
		"collections_count": 3,
		"created_at": "2014-10-18T19:56:51-04:00",
		"location_details": {
			"country": ["United States of America"],
			"state": ["New York"],
			"city": ["New York City"],
			"attraction": [],
			"county": []
		},
		"sales_count": 0,
		"licensing_requested": false,
		"focal_length": "50",
		"for_critique": false,
		"editors_choice": false,
		"is_free_photo": false,
		"profile": true
	}, {
		"user": {
			"cover_url": "https://drscdn.500px.org/user_cover/627341/q%3D65_m%3D2048/v2?webp=true&v=5&sig=0e176c2056a0eed2dca7e486557124ae61b40e657af7dd9b9c303ecd4f8300eb",
			"firstname": "Dimitri",
			"userpic_url": "https://drscdn.500px.org/user_avatar/627341/q%3D85_w%3D300_h%3D300/v2?webp=true&v=45&sig=57daf0080c05df89b62dad97b28d436d90efd76b8dcc4ab0fdb6cf7259e8b2f9",
			"following": false,
			"lastname": "Cohen",
			"id": 627341,
			"userpic_https_url": "https://drscdn.500px.org/user_avatar/627341/q%3D85_w%3D300_h%3D300/v2?webp=true&v=45&sig=57daf0080c05df89b62dad97b28d436d90efd76b8dcc4ab0fdb6cf7259e8b2f9",
			"city": "NY",
			"avatars": {
				"large": {
					"https": "https://drscdn.500px.org/user_avatar/627341/q%3D85_w%3D100_h%3D100/v2?webp=true&v=45&sig=b8a8aaa9157a5225d99d392e2ec1b1fda2bff1b43e48bbfb83759efbc4a4f8cf"
				},
				"default": {
					"https": "https://drscdn.500px.org/user_avatar/627341/q%3D85_w%3D300_h%3D300/v2?webp=true&v=45&sig=57daf0080c05df89b62dad97b28d436d90efd76b8dcc4ab0fdb6cf7259e8b2f9"
				},
				"tiny": {
					"https": "https://drscdn.500px.org/user_avatar/627341/q%3D85_w%3D30_h%3D30/v2?webp=true&v=45&sig=384db2353ddf1a266d71335f724e099f62a2de04d702c374625b0a6cdc331380"
				},
				"small": {
					"https": "https://drscdn.500px.org/user_avatar/627341/q%3D85_w%3D50_h%3D50/v2?webp=true&v=45&sig=f7a4070e7ce27b20e59e5337dee0634912523726191c754f746e6cd2445ba344"
				}
			},
			"username": "mrdima75",
			"store_on": true,
			"affection": 2579,
			"country": "United States",
			"usertype": 0,
			"upgrade_status": 0,
			"fullname": "Dimitri Cohen"
		},
		"editored_by": {},
		"licensing_status": 3,
		"aperture": "22",
		"voted": false,
		"highest_rating": 92.5,
		"description": "Brooklyn Bridge. Red White and Blue and the WTC1, Memorial Day 2014",
		"rating": 48.6,
		"name": "Brooklyn Bridge",
		"comments": [],
		"for_sale_date": null,
		"image_url": ["https://drscdn.500px.org/photo/72907239/w%3D280_h%3D280/v2?client_application_id=47433&user_id=18878495&webp=true&v=0&sig=a9793f9a929cc2835e43ce4b06e4b7da8395b4ac89e7069cabbf1f0dc88c464d"],
		"shutter_speed": "30",
		"purchased": false,
		"privacy": false,
		"for_sale": true,
		"store_width": 5760,
		"comments_count": 8,
		"id": 72907239,
		"editors_choice_date": null,
		"critiques_callout_dismissed": false,
		"disliked": false,
		"crop_version": 0,
		"favorites_count": 35,
		"lens": null,
		"store_height": 3840,
		"feature_date": "2014-06-07T06:32:34+00:00",
		"status": 1,
		"liked": false,
		"licensing_suggested": false,
		"votes_count": 97,
		"width": 5760,
		"category": 8,
		"url": "/photo/72907239/brooklyn-bridge-by-dimitri-cohen",
		"camera": "Canon EOS 5D Mark III",
		"highest_rating_date": "2014-06-07T23:13:09-04:00",
		"hi_res_uploaded": 1,
		"watermark": false,
		"times_viewed": 3939,
		"image_format": "jpeg",
		"converted_bits": 31,
		"iso": "100",
		"images": [{
			"https_url": "https://drscdn.500px.org/photo/72907239/w%3D280_h%3D280/v2?client_application_id=47433&user_id=18878495&webp=true&v=0&sig=a9793f9a929cc2835e43ce4b06e4b7da8395b4ac89e7069cabbf1f0dc88c464d",
			"format": "jpeg",
			"url": "https://drscdn.500px.org/photo/72907239/w%3D280_h%3D280/v2?client_application_id=47433&user_id=18878495&webp=true&v=0&sig=a9793f9a929cc2835e43ce4b06e4b7da8395b4ac89e7069cabbf1f0dc88c464d",
			"size": 3
		}],
		"feature": "popular",
		"exclude_gads": false,
		"nsfw": false,
		"taken_at": "2014-05-26T22:57:36-04:00",
		"location": null,
		"user_id": 627341,
		"height": 3840,
		"request_to_buy_enabled": false,
		"longitude": -73.9900445938,
		"license_type": 0,
		"converted": true,
		"license_requests_enabled": true,
		"latitude": 40.704586879,
		"positive_votes_count": 97,
		"collections_count": -1,
		"created_at": "2014-06-07T02:11:28-04:00",
		"location_details": {
			"country": ["United States of America"],
			"state": ["New York"],
			"city": ["New York City"],
			"attraction": [],
			"county": ["New York County"]
		},
		"sales_count": 0,
		"licensing_requested": false,
		"focal_length": "24",
		"for_critique": false,
		"editors_choice": false,
		"is_free_photo": false,
		"profile": true
	}, {
		"user": {
			"cover_url": null,
			"firstname": "Diogo",
			"userpic_url": "https://drscdn.500px.org/user_avatar/1199239/q%3D85_w%3D300_h%3D300/v2?webp=true&v=36&sig=bfd7803918b498364d6229f39060fdf0eb1ed6048d41222efeaeee9a41ee64c4",
			"following": false,
			"lastname": "Paulo",
			"id": 1199239,
			"userpic_https_url": "https://drscdn.500px.org/user_avatar/1199239/q%3D85_w%3D300_h%3D300/v2?webp=true&v=36&sig=bfd7803918b498364d6229f39060fdf0eb1ed6048d41222efeaeee9a41ee64c4",
			"city": "Brooklyn , NY",
			"avatars": {
				"large": {
					"https": "https://drscdn.500px.org/user_avatar/1199239/q%3D85_w%3D100_h%3D100/v2?webp=true&v=36&sig=e696217da76092d039f6c0dd21d4b94189d028095b34ecf326deba4ca78d842a"
				},
				"default": {
					"https": "https://drscdn.500px.org/user_avatar/1199239/q%3D85_w%3D300_h%3D300/v2?webp=true&v=36&sig=bfd7803918b498364d6229f39060fdf0eb1ed6048d41222efeaeee9a41ee64c4"
				},
				"tiny": {
					"https": "https://drscdn.500px.org/user_avatar/1199239/q%3D85_w%3D30_h%3D30/v2?webp=true&v=36&sig=b189d14f0f6df64ba4f67806822e3ed735f36151ecb4377f0bac0b69dc2f9c41"
				},
				"small": {
					"https": "https://drscdn.500px.org/user_avatar/1199239/q%3D85_w%3D50_h%3D50/v2?webp=true&v=36&sig=79b636322122031f2f1940358effd33c63bf8a2f6796e14ec03a910376f7a487"
				}
			},
			"username": "diografic",
			"store_on": true,
			"affection": 3414,
			"country": "United States",
			"usertype": 0,
			"upgrade_status": 0,
			"fullname": "Diogo Paulo"
		},
		"editored_by": {},
		"licensing_status": 3,
		"aperture": "20",
		"voted": false,
		"highest_rating": 87.2,
		"description": "",
		"rating": 47.4,
		"name": "NYC Skyline",
		"comments": [],
		"for_sale_date": null,
		"image_url": ["https://drscdn.500px.org/photo/63734215/w%3D280_h%3D280/v2?client_application_id=47433&user_id=18878495&webp=true&v=0&sig=0a50d30eb6c06331428bf55bca6e1e0ff159b85b00b40f4bd37299de903f93dc"],
		"shutter_speed": "12.3",
		"purchased": false,
		"privacy": false,
		"for_sale": true,
		"store_width": 3600,
		"comments_count": 1,
		"id": 63734215,
		"editors_choice_date": null,
		"critiques_callout_dismissed": false,
		"disliked": false,
		"crop_version": 0,
		"favorites_count": 10,
		"lens": "EF100mm f/2.8L Macro IS USM",
		"store_height": 2400,
		"feature_date": "2014-03-13T22:44:28+00:00",
		"status": 1,
		"liked": false,
		"licensing_suggested": false,
		"votes_count": 56,
		"width": 1044,
		"category": 8,
		"url": "/photo/63734215/nyc-skyline-by-diogo-paulo",
		"camera": "Canon EOS 5D Mark II",
		"highest_rating_date": "2014-03-14T10:07:44-04:00",
		"hi_res_uploaded": 1,
		"watermark": false,
		"times_viewed": 23062,
		"image_format": "jpeg",
		"converted_bits": 31,
		"iso": "100",
		"images": [{
			"https_url": "https://drscdn.500px.org/photo/63734215/w%3D280_h%3D280/v2?client_application_id=47433&user_id=18878495&webp=true&v=0&sig=0a50d30eb6c06331428bf55bca6e1e0ff159b85b00b40f4bd37299de903f93dc",
			"format": "jpeg",
			"url": "https://drscdn.500px.org/photo/63734215/w%3D280_h%3D280/v2?client_application_id=47433&user_id=18878495&webp=true&v=0&sig=0a50d30eb6c06331428bf55bca6e1e0ff159b85b00b40f4bd37299de903f93dc",
			"size": 3
		}],
		"feature": "popular",
		"exclude_gads": false,
		"nsfw": false,
		"taken_at": "2014-09-03T00:00:00-04:00",
		"location": null,
		"user_id": 1199239,
		"height": 696,
		"request_to_buy_enabled": false,
		"longitude": -73.9615058899,
		"license_type": 0,
		"converted": true,
		"license_requests_enabled": true,
		"latitude": 40.7331125201,
		"positive_votes_count": 56,
		"collections_count": 3,
		"created_at": "2014-03-13T18:24:51-04:00",
		"location_details": {
			"country": ["United States of America"],
			"state": ["New York"],
			"city": ["New York City"],
			"attraction": [],
			"county": ["Kings"]
		},
		"sales_count": 0,
		"licensing_requested": false,
		"focal_length": "100",
		"for_critique": false,
		"editors_choice": false,
		"is_free_photo": false,
		"profile": true
	}, {
		"user": {
			"cover_url": "https://drscdn.500px.org/user_cover/350316/q%3D65_m%3D2048/v2?webp=true&v=13&sig=1949274b9e7f430da9f17bc42756d77575d7a896a1116722d03cb444244ed87c",
			"firstname": "Steven ",
			"userpic_url": "https://drscdn.500px.org/user_avatar/350316/q%3D85_w%3D300_h%3D300/v2?webp=true&v=100&sig=145c10ba2386677ca7878f76c0fbcbc662acbbb8d44fc17df0ea39198cc4cedd",
			"following": false,
			"lastname": "Lindgren",
			"id": 350316,
			"userpic_https_url": "https://drscdn.500px.org/user_avatar/350316/q%3D85_w%3D300_h%3D300/v2?webp=true&v=100&sig=145c10ba2386677ca7878f76c0fbcbc662acbbb8d44fc17df0ea39198cc4cedd",
			"city": "New York",
			"avatars": {
				"large": {
					"https": "https://drscdn.500px.org/user_avatar/350316/q%3D85_w%3D100_h%3D100/v2?webp=true&v=100&sig=a21193dc3323f7dc7e398409804e7d4f8b2d94451d02f7cbc8f57e97a91c9aba"
				},
				"default": {
					"https": "https://drscdn.500px.org/user_avatar/350316/q%3D85_w%3D300_h%3D300/v2?webp=true&v=100&sig=145c10ba2386677ca7878f76c0fbcbc662acbbb8d44fc17df0ea39198cc4cedd"
				},
				"tiny": {
					"https": "https://drscdn.500px.org/user_avatar/350316/q%3D85_w%3D30_h%3D30/v2?webp=true&v=100&sig=f0b996de7b66da92e34515890823b88a62f76f5fc82602143ac4ed02dda99178"
				},
				"small": {
					"https": "https://drscdn.500px.org/user_avatar/350316/q%3D85_w%3D50_h%3D50/v2?webp=true&v=100&sig=81ee9fde71eb3dffc7f6408f16db2f556a24857de94f7434bee775999cf66e99"
				}
			},
			"username": "stevel77",
			"store_on": true,
			"affection": 1553,
			"country": "United States",
			"usertype": 0,
			"upgrade_status": 0,
			"fullname": "Steven Lindgren"
		},
		"editored_by": {},
		"licensing_status": 3,
		"aperture": "5.6",
		"voted": false,
		"highest_rating": 92.9,
		"description": null,
		"rating": 47.9,
		"name": "Sea Everything",
		"comments": [],
		"for_sale_date": null,
		"image_url": ["https://drscdn.500px.org/photo/53772612/w%3D280_h%3D280/v2?client_application_id=47433&user_id=18878495&webp=true&v=0&sig=900d31e1f61396a4ba732d7ef46fbfd8cd6da6a77fb419e1d9f390df2e0a72d5"],
		"shutter_speed": "30",
		"purchased": false,
		"privacy": false,
		"for_sale": true,
		"store_width": 4856,
		"comments_count": 4,
		"id": 53772612,
		"editors_choice_date": null,
		"critiques_callout_dismissed": false,
		"disliked": false,
		"crop_version": 0,
		"favorites_count": 37,
		"lens": null,
		"store_height": 3216,
		"feature_date": "2013-12-02T02:49:43+00:00",
		"status": 1,
		"liked": false,
		"licensing_suggested": false,
		"votes_count": 58,
		"width": 4856,
		"category": 8,
		"url": "/photo/53772612/sea-everything-by-steven-lindgren",
		"camera": "NIKON D7000",
		"highest_rating_date": "2013-12-02T19:22:10-05:00",
		"hi_res_uploaded": 2,
		"watermark": false,
		"times_viewed": 3370,
		"image_format": "jpeg",
		"converted_bits": 31,
		"iso": "100",
		"images": [{
			"https_url": "https://drscdn.500px.org/photo/53772612/w%3D280_h%3D280/v2?client_application_id=47433&user_id=18878495&webp=true&v=0&sig=900d31e1f61396a4ba732d7ef46fbfd8cd6da6a77fb419e1d9f390df2e0a72d5",
			"format": "jpeg",
			"url": "https://drscdn.500px.org/photo/53772612/w%3D280_h%3D280/v2?client_application_id=47433&user_id=18878495&webp=true&v=0&sig=900d31e1f61396a4ba732d7ef46fbfd8cd6da6a77fb419e1d9f390df2e0a72d5",
			"size": 3
		}],
		"feature": "popular",
		"exclude_gads": false,
		"nsfw": false,
		"taken_at": "2013-12-01T17:23:12-05:00",
		"location": null,
		"user_id": 350316,
		"height": 3216,
		"request_to_buy_enabled": true,
		"longitude": -73.738861084,
		"license_type": 0,
		"converted": true,
		"license_requests_enabled": true,
		"latitude": 40.5889281697,
		"positive_votes_count": 58,
		"collections_count": 3,
		"created_at": "2013-12-01T21:22:08-05:00",
		"location_details": {
			"country": ["United States of America"],
			"state": ["New York"],
			"city": ["Atlantic Beach"],
			"attraction": [],
			"county": ["Nassau"]
		},
		"sales_count": 0,
		"licensing_requested": false,
		"focal_length": "24",
		"for_critique": false,
		"editors_choice": false,
		"is_free_photo": false,
		"profile": true
	}]
}
